pair_id,task_name,schema_id,latest_status,latest_status_code,attempt_count,successful_attempt_count,docker_incident_attempt_count,other_failure_attempt_count,needs_rerun,rerun_reason,latest_run_label,latest_started_at,latest_finished_at,latest_launcher_status,latest_launcher_stage,latest_launcher_returncode,latest_run_status,latest_failure_stage,latest_failure_type,latest_failure_summary,latest_selected_round_index,latest_selected_score_pct,latest_best_observed_round_index,latest_best_observed_score_pct,latest_early_stop,latest_timeout_detected,latest_has_intermediate_exceptions,latest_output_dir,attempt_run_labels
3d-scan-calc__artifact-generation,3d-scan-calc,artifact-generation,completed,C,1,1,0,0,False,,run-first20x7-round0-2026-04-24,2026-04-24T21:51:35.987864+00:00,2026-04-24T22:15:30.802217+00:00,succeeded,run,0,completed,,,,0,100.0,0,100.0,False,False,False,<repo-root>/experiments/skillx-skillsbench-001/results/outer-loop-round0/sonnet45-task-list-first20-v0.1/pairs/3d-scan-calc__artifact-generation/refine_run_run-first20x7-round0-2026-04-24,run-first20x7-round0-2026-04-24
3d-scan-calc__analytic-pipeline,3d-scan-calc,analytic-pipeline,completed,C,1,1,0,0,False,,run-first20x7-round0-2026-04-24,2026-04-24T21:51:35.988364+00:00,2026-04-24T22:17:44.597220+00:00,succeeded,run,0,completed,,,,0,100.0,0,100.0,False,False,False,<repo-root>/experiments/skillx-skillsbench-001/results/outer-loop-round0/sonnet45-task-list-first20-v0.1/pairs/3d-scan-calc__analytic-pipeline/refine_run_run-first20x7-round0-2026-04-24,run-first20x7-round0-2026-04-24
3d-scan-calc__engineering-composition,3d-scan-calc,engineering-composition,completed,C,1,1,0,0,False,,run-first20x7-round0-2026-04-24,2026-04-24T21:51:35.988376+00:00,2026-04-24T22:10:21.172373+00:00,succeeded,run,0,completed,,,,0,100.0,0,100.0,True,False,False,<repo-root>/experiments/skillx-skillsbench-001/results/outer-loop-round0/sonnet45-task-list-first20-v0.1/pairs/3d-scan-calc__engineering-composition/refine_run_run-first20x7-round0-2026-04-24,run-first20x7-round0-2026-04-24
3d-scan-calc__retrieval-heavy-synthesis,3d-scan-calc,retrieval-heavy-synthesis,completed,C,1,1,0,0,False,,run-first20x7-round0-2026-04-24,2026-04-24T22:10:21.173443+00:00,2026-04-24T22:36:30.137091+00:00,succeeded,run,0,completed,,,,0,100.0,0,100.0,False,False,False,<repo-root>/experiments/skillx-skillsbench-001/results/outer-loop-round0/sonnet45-task-list-first20-v0.1/pairs/3d-scan-calc__retrieval-heavy-synthesis/refine_run_run-first20x7-round0-2026-04-24,run-first20x7-round0-2026-04-24
3d-scan-calc__environment-control,3d-scan-calc,environment-control,completed,C,1,1,0,0,False,,run-first20x7-round0-2026-04-24,2026-04-24T22:15:30.803258+00:00,2026-04-24T22:40:30.647613+00:00,succeeded,run,0,completed,,,,0,100.0,0,100.0,False,False,False,<repo-root>/experiments/skillx-skillsbench-001/results/outer-loop-round0/sonnet45-task-list-first20-v0.1/pairs/3d-scan-calc__environment-control/refine_run_run-first20x7-round0-2026-04-24,run-first20x7-round0-2026-04-24
3d-scan-calc__methodology-guardrail,3d-scan-calc,methodology-guardrail,completed,C,1,1,0,0,False,,run-first20x7-round0-2026-04-24,2026-04-24T22:17:44.598270+00:00,2026-04-24T22:43:31.620589+00:00,succeeded,run,0,completed,,,,0,100.0,0,100.0,False,False,False,<repo-root>/experiments/skillx-skillsbench-001/results/outer-loop-round0/sonnet45-task-list-first20-v0.1/pairs/3d-scan-calc__methodology-guardrail/refine_run_run-first20x7-round0-2026-04-24,run-first20x7-round0-2026-04-24
3d-scan-calc__orchestration-delegation,3d-scan-calc,orchestration-delegation,completed,C,1,1,0,0,False,,run-first20x7-round0-2026-04-24,2026-04-24T22:36:30.137988+00:00,2026-04-24T23:02:40.699324+00:00,succeeded,run,0,completed,,,,0,100.0,0,100.0,False,False,False,<repo-root>/experiments/skillx-skillsbench-001/results/outer-loop-round0/sonnet45-task-list-first20-v0.1/pairs/3d-scan-calc__orchestration-delegation/refine_run_run-first20x7-round0-2026-04-24,run-first20x7-round0-2026-04-24
adaptive-cruise-control__artifact-generation,adaptive-cruise-control,artifact-generation,completed,C,2,2,0,0,False,,run-first20-rate-limit-rerun-2026-04-27-3batch-b01,2026-04-27T18:55:56.039258+00:00,2026-04-27T18:55:56.039894+00:00,succeeded,skip_existing_succeeded,0,completed,,,,0,0.0,0,0.0,False,False,False,<repo-root>/experiments/skillx-skillsbench-001/results/outer-loop-round0/sonnet45-task-list-first20-v0.1/pairs/adaptive-cruise-control__artifact-generation/refine_run_run-first20-rate-limit-rerun-2026-04-27-3batch-b01,run-first20x7-round0-2026-04-24;run-first20-rate-limit-rerun-2026-04-27-3batch-b01
adaptive-cruise-control__analytic-pipeline,adaptive-cruise-control,analytic-pipeline,completed,C,2,2,0,0,False,,run-first20-rate-limit-rerun-2026-04-27-3batch-b01,2026-04-27T18:55:56.040627+00:00,2026-04-27T18:55:56.041356+00:00,succeeded,skip_existing_succeeded,0,completed,,,,0,0.0,0,0.0,False,False,False,<repo-root>/experiments/skillx-skillsbench-001/results/outer-loop-round0/sonnet45-task-list-first20-v0.1/pairs/adaptive-cruise-control__analytic-pipeline/refine_run_run-first20-rate-limit-rerun-2026-04-27-3batch-b01,run-first20x7-round0-2026-04-24;run-first20-rate-limit-rerun-2026-04-27-3batch-b01
adaptive-cruise-control__engineering-composition,adaptive-cruise-control,engineering-composition,completed,C,2,2,0,0,False,,run-first20-rate-limit-rerun-2026-04-27-3batch-b01,2026-04-27T18:55:56.041889+00:00,2026-04-27T18:55:56.042418+00:00,succeeded,skip_existing_succeeded,0,completed,,,,0,0.0,0,0.0,False,False,False,<repo-root>/experiments/skillx-skillsbench-001/results/outer-loop-round0/sonnet45-task-list-first20-v0.1/pairs/adaptive-cruise-control__engineering-composition/refine_run_run-first20-rate-limit-rerun-2026-04-27-3batch-b01,run-first20x7-round0-2026-04-24;run-first20-rate-limit-rerun-2026-04-27-3batch-b01
adaptive-cruise-control__retrieval-heavy-synthesis,adaptive-cruise-control,retrieval-heavy-synthesis,completed,C,2,2,0,0,False,,run-first20-rate-limit-rerun-2026-04-27-3batch-b01,2026-04-27T18:55:56.043008+00:00,2026-04-27T18:55:56.043404+00:00,succeeded,skip_existing_succeeded,0,completed,,,,2,100.0,2,100.0,False,False,False,<repo-root>/experiments/skillx-skillsbench-001/results/outer-loop-round0/sonnet45-task-list-first20-v0.1/pairs/adaptive-cruise-control__retrieval-heavy-synthesis/refine_run_run-first20-rate-limit-rerun-2026-04-27-3batch-b01,run-first20x7-round0-2026-04-24;run-first20-rate-limit-rerun-2026-04-27-3batch-b01
adaptive-cruise-control__environment-control,adaptive-cruise-control,environment-control,completed,C,2,2,0,0,False,,run-first20-rate-limit-rerun-2026-04-27-3batch-b01,2026-04-27T18:55:56.043910+00:00,2026-04-27T18:55:56.045750+00:00,succeeded,skip_existing_succeeded,0,completed,,,,0,0.0,0,0.0,False,False,False,<repo-root>/experiments/skillx-skillsbench-001/results/outer-loop-round0/sonnet45-task-list-first20-v0.1/pairs/adaptive-cruise-control__environment-control/refine_run_run-first20-rate-limit-rerun-2026-04-27-3batch-b01,run-first20x7-round0-2026-04-24;run-first20-rate-limit-rerun-2026-04-27-3batch-b01
adaptive-cruise-control__methodology-guardrail,adaptive-cruise-control,methodology-guardrail,completed,C,2,2,0,0,False,,run-first20-rate-limit-rerun-2026-04-27-3batch-b01,2026-04-27T18:55:56.046406+00:00,2026-04-27T18:55:56.047706+00:00,succeeded,skip_existing_succeeded,0,completed,,,,0,0.0,0,0.0,False,False,False,<repo-root>/experiments/skillx-skillsbench-001/results/outer-loop-round0/sonnet45-task-list-first20-v0.1/pairs/adaptive-cruise-control__methodology-guardrail/refine_run_run-first20-rate-limit-rerun-2026-04-27-3batch-b01,run-first20x7-round0-2026-04-24;run-first20-rate-limit-rerun-2026-04-27-3batch-b01
adaptive-cruise-control__orchestration-delegation,adaptive-cruise-control,orchestration-delegation,completed,C,2,2,0,0,False,,run-first20-rate-limit-rerun-2026-04-27-3batch-b01,2026-04-27T18:55:56.048515+00:00,2026-04-27T18:55:56.048889+00:00,succeeded,skip_existing_succeeded,0,completed,,,,1,100.0,1,100.0,False,False,False,<repo-root>/experiments/skillx-skillsbench-001/results/outer-loop-round0/sonnet45-task-list-first20-v0.1/pairs/adaptive-cruise-control__orchestration-delegation/refine_run_run-first20-rate-limit-rerun-2026-04-27-3batch-b01,run-first20x7-round0-2026-04-24;run-first20-rate-limit-rerun-2026-04-27-3batch-b01
azure-bgp-oscillation-route-leak__artifact-generation,azure-bgp-oscillation-route-leak,artifact-generation,completed,C,2,2,0,0,False,,run-first20-rate-limit-rerun-2026-04-27-3batch-b02,2026-04-28T14:22:00.065861+00:00,2026-04-28T14:58:51.951910+00:00,succeeded,run,0,completed,,,,0,0.0,0,0.0,False,False,False,<repo-root>/experiments/skillx-skillsbench-001/results/outer-loop-round0/sonnet45-task-list-first20-v0.1/pairs/azure-bgp-oscillation-route-leak__artifact-generation/refine_run_run-first20-rate-limit-rerun-2026-04-27-3batch-b02,run-first20x7-round0-2026-04-24;run-first20-rate-limit-rerun-2026-04-27-3batch-b02
azure-bgp-oscillation-route-leak__analytic-pipeline,azure-bgp-oscillation-route-leak,analytic-pipeline,completed,C,2,1,0,1,False,,run-first20x7-rerun-failed5-2026-04-25-v2,2026-04-26T03:15:19.620881+00:00,2026-04-26T03:49:56.757492+00:00,succeeded,run,0,completed,,,,3,100.0,3,100.0,False,False,False,<repo-root>/experiments/skillx-skillsbench-001/results/outer-loop-round0/sonnet45-task-list-first20-v0.1/pairs/azure-bgp-oscillation-route-leak__analytic-pipeline/refine_run_run-first20x7-rerun-failed5-2026-04-25-v2,run-first20x7-round0-2026-04-24;run-first20x7-rerun-failed5-2026-04-25-v2
azure-bgp-oscillation-route-leak__engineering-composition,azure-bgp-oscillation-route-leak,engineering-composition,completed,C,2,1,0,1,False,,run-first20x7-rerun-failed5-2026-04-25-v2,2026-04-26T03:15:19.620958+00:00,2026-04-26T03:51:06.420404+00:00,succeeded,run,0,completed,,,,0,0.0,0,0.0,False,False,False,<repo-root>/experiments/skillx-skillsbench-001/results/outer-loop-round0/sonnet45-task-list-first20-v0.1/pairs/azure-bgp-oscillation-route-leak__engineering-composition/refine_run_run-first20x7-rerun-failed5-2026-04-25-v2,run-first20x7-round0-2026-04-24;run-first20x7-rerun-failed5-2026-04-25-v2
azure-bgp-oscillation-route-leak__retrieval-heavy-synthesis,azure-bgp-oscillation-route-leak,retrieval-heavy-synthesis,completed,C,2,1,0,1,False,,run-first20x7-rerun-failed5-2026-04-25-v2,2026-04-26T03:15:19.621016+00:00,2026-04-26T03:49:53.352337+00:00,succeeded,run,0,completed,,,,0,0.0,0,0.0,False,False,False,<repo-root>/experiments/skillx-skillsbench-001/results/outer-loop-round0/sonnet45-task-list-first20-v0.1/pairs/azure-bgp-oscillation-route-leak__retrieval-heavy-synthesis/refine_run_run-first20x7-rerun-failed5-2026-04-25-v2,run-first20x7-round0-2026-04-24;run-first20x7-rerun-failed5-2026-04-25-v2
azure-bgp-oscillation-route-leak__environment-control,azure-bgp-oscillation-route-leak,environment-control,completed,C,1,1,0,0,False,,run-first20x7-round0-2026-04-24,2026-04-25T05:46:11.638539+00:00,2026-04-25T06:17:22.549080+00:00,succeeded,run,0,completed,,,,0,0.0,0,0.0,False,False,False,<repo-root>/experiments/skillx-skillsbench-001/results/outer-loop-round0/sonnet45-task-list-first20-v0.1/pairs/azure-bgp-oscillation-route-leak__environment-control/refine_run_run-first20x7-round0-2026-04-24,run-first20x7-round0-2026-04-24
azure-bgp-oscillation-route-leak__methodology-guardrail,azure-bgp-oscillation-route-leak,methodology-guardrail,completed,C,1,1,0,0,False,,run-first20x7-round0-2026-04-24,2026-04-25T05:46:11.638767+00:00,2026-04-25T06:22:20.419070+00:00,succeeded,run,0,completed,,,,3,100.0,3,100.0,False,False,False,<repo-root>/experiments/skillx-skillsbench-001/results/outer-loop-round0/sonnet45-task-list-first20-v0.1/pairs/azure-bgp-oscillation-route-leak__methodology-guardrail/refine_run_run-first20x7-round0-2026-04-24,run-first20x7-round0-2026-04-24
azure-bgp-oscillation-route-leak__orchestration-delegation,azure-bgp-oscillation-route-leak,orchestration-delegation,completed,C,1,1,0,0,False,,run-first20x7-round0-2026-04-24,2026-04-25T05:46:11.638979+00:00,2026-04-25T06:22:10.263246+00:00,succeeded,run,0,completed,,,,2,100.0,2,100.0,False,False,False,<repo-root>/experiments/skillx-skillsbench-001/results/outer-loop-round0/sonnet45-task-list-first20-v0.1/pairs/azure-bgp-oscillation-route-leak__orchestration-delegation/refine_run_run-first20x7-round0-2026-04-24,run-first20x7-round0-2026-04-24
citation-check__artifact-generation,citation-check,artifact-generation,completed,C,2,2,0,0,False,,run-first20-rate-limit-rerun-2026-04-27-3batch-b01,2026-04-27T18:55:56.049560+00:00,2026-04-27T19:06:12.376551+00:00,succeeded,run,0,skipped_baseline_perfect,,,,0,100.0,0,100.0,False,False,False,<repo-root>/experiments/skillx-skillsbench-001/results/outer-loop-round0/sonnet45-task-list-first20-v0.1/pairs/citation-check__artifact-generation/refine_run_run-first20-rate-limit-rerun-2026-04-27-3batch-b01,run-first20x7-round0-2026-04-24;run-first20-rate-limit-rerun-2026-04-27-3batch-b01
citation-check__analytic-pipeline,citation-check,analytic-pipeline,completed,C,2,2,0,0,False,,run-first20-rate-limit-rerun-2026-04-27-3batch-b01,2026-04-27T19:06:12.379837+00:00,2026-04-27T19:20:49.391350+00:00,succeeded,run,0,skipped_baseline_perfect,,,,0,100.0,0,100.0,False,False,False,<repo-root>/experiments/skillx-skillsbench-001/results/outer-loop-round0/sonnet45-task-list-first20-v0.1/pairs/citation-check__analytic-pipeline/refine_run_run-first20-rate-limit-rerun-2026-04-27-3batch-b01,run-first20x7-round0-2026-04-24;run-first20-rate-limit-rerun-2026-04-27-3batch-b01
citation-check__engineering-composition,citation-check,engineering-composition,completed,C,2,2,0,0,False,,run-first20-rate-limit-rerun-2026-04-27-3batch-b01,2026-04-27T19:20:49.396029+00:00,2026-04-27T19:33:29.191164+00:00,succeeded,run,0,skipped_baseline_perfect,,,,0,100.0,0,100.0,False,False,False,<repo-root>/experiments/skillx-skillsbench-001/results/outer-loop-round0/sonnet45-task-list-first20-v0.1/pairs/citation-check__engineering-composition/refine_run_run-first20-rate-limit-rerun-2026-04-27-3batch-b01,run-first20x7-round0-2026-04-24;run-first20-rate-limit-rerun-2026-04-27-3batch-b01
citation-check__retrieval-heavy-synthesis,citation-check,retrieval-heavy-synthesis,completed,C,2,2,0,0,False,,run-first20-rate-limit-rerun-2026-04-27-3batch-b01,2026-04-27T19:33:29.195258+00:00,2026-04-27T19:47:25.880033+00:00,succeeded,run,0,skipped_baseline_perfect,,,,0,100.0,0,100.0,False,False,False,<repo-root>/experiments/skillx-skillsbench-001/results/outer-loop-round0/sonnet45-task-list-first20-v0.1/pairs/citation-check__retrieval-heavy-synthesis/refine_run_run-first20-rate-limit-rerun-2026-04-27-3batch-b01,run-first20x7-round0-2026-04-24;run-first20-rate-limit-rerun-2026-04-27-3batch-b01
citation-check__environment-control,citation-check,environment-control,completed,C,2,2,0,0,False,,run-first20-rate-limit-rerun-2026-04-27-3batch-b01,2026-04-27T19:47:25.883737+00:00,2026-04-27T20:02:07.490411+00:00,succeeded,run,0,skipped_baseline_perfect,,,,0,100.0,0,100.0,False,False,False,<repo-root>/experiments/skillx-skillsbench-001/results/outer-loop-round0/sonnet45-task-list-first20-v0.1/pairs/citation-check__environment-control/refine_run_run-first20-rate-limit-rerun-2026-04-27-3batch-b01,run-first20x7-round0-2026-04-24;run-first20-rate-limit-rerun-2026-04-27-3batch-b01
citation-check__methodology-guardrail,citation-check,methodology-guardrail,completed,C,2,2,0,0,False,,run-first20-rate-limit-rerun-2026-04-27-3batch-b01,2026-04-27T20:02:07.497128+00:00,2026-04-27T20:15:46.550170+00:00,succeeded,run,0,skipped_baseline_perfect,,,,0,100.0,0,100.0,False,False,False,<repo-root>/experiments/skillx-skillsbench-001/results/outer-loop-round0/sonnet45-task-list-first20-v0.1/pairs/citation-check__methodology-guardrail/refine_run_run-first20-rate-limit-rerun-2026-04-27-3batch-b01,run-first20x7-round0-2026-04-24;run-first20-rate-limit-rerun-2026-04-27-3batch-b01
citation-check__orchestration-delegation,citation-check,orchestration-delegation,completed,C,2,2,0,0,False,,run-first20-rate-limit-rerun-2026-04-27-3batch-b01,2026-04-27T20:15:46.554938+00:00,2026-04-27T20:29:07.838786+00:00,succeeded,run,0,skipped_baseline_perfect,,,,0,100.0,0,100.0,False,False,False,<repo-root>/experiments/skillx-skillsbench-001/results/outer-loop-round0/sonnet45-task-list-first20-v0.1/pairs/citation-check__orchestration-delegation/refine_run_run-first20-rate-limit-rerun-2026-04-27-3batch-b01,run-first20x7-round0-2026-04-24;run-first20-rate-limit-rerun-2026-04-27-3batch-b01
civ6-adjacency-optimizer__artifact-generation,civ6-adjacency-optimizer,artifact-generation,completed,C,2,2,0,0,False,,run-first20-rate-limit-rerun-2026-04-27-3batch-b01,2026-04-27T20:29:07.843663+00:00,2026-04-27T21:57:09.711302+00:00,succeeded,run,0,completed,,,,1,60.0,1,60.0,False,False,False,<repo-root>/experiments/skillx-skillsbench-001/results/outer-loop-round0/sonnet45-task-list-first20-v0.1/pairs/civ6-adjacency-optimizer__artifact-generation/refine_run_run-first20-rate-limit-rerun-2026-04-27-3batch-b01,run-first20x7-round0-2026-04-24;run-first20-rate-limit-rerun-2026-04-27-3batch-b01
civ6-adjacency-optimizer__analytic-pipeline,civ6-adjacency-optimizer,analytic-pipeline,completed,C,2,2,0,0,False,,run-first20-rate-limit-rerun-2026-04-27-3batch-b01,2026-04-27T21:57:09.717903+00:00,2026-04-27T22:50:56.248792+00:00,succeeded,run,0,completed,,,,3,55.0,3,55.0,False,False,False,<repo-root>/experiments/skillx-skillsbench-001/results/outer-loop-round0/sonnet45-task-list-first20-v0.1/pairs/civ6-adjacency-optimizer__analytic-pipeline/refine_run_run-first20-rate-limit-rerun-2026-04-27-3batch-b01,run-first20x7-round0-2026-04-24;run-first20-rate-limit-rerun-2026-04-27-3batch-b01
civ6-adjacency-optimizer__engineering-composition,civ6-adjacency-optimizer,engineering-composition,completed,C,2,2,0,0,False,,run-first20-rate-limit-rerun-2026-04-27-3batch-b01,2026-04-27T22:50:56.254999+00:00,2026-04-28T00:29:15.763814+00:00,succeeded,run,0,completed,,,,3,40.0,3,40.0,False,False,False,<repo-root>/experiments/skillx-skillsbench-001/results/outer-loop-round0/sonnet45-task-list-first20-v0.1/pairs/civ6-adjacency-optimizer__engineering-composition/refine_run_run-first20-rate-limit-rerun-2026-04-27-3batch-b01,run-first20x7-round0-2026-04-24;run-first20-rate-limit-rerun-2026-04-27-3batch-b01
civ6-adjacency-optimizer__retrieval-heavy-synthesis,civ6-adjacency-optimizer,retrieval-heavy-synthesis,completed,C,2,2,0,0,False,,run-first20-rate-limit-rerun-2026-04-27-3batch-b01,2026-04-28T00:29:15.769696+00:00,2026-04-28T01:53:08.459918+00:00,succeeded,run,0,completed,,,,0,45.0,0,45.0,False,False,False,<repo-root>/experiments/skillx-skillsbench-001/results/outer-loop-round0/sonnet45-task-list-first20-v0.1/pairs/civ6-adjacency-optimizer__retrieval-heavy-synthesis/refine_run_run-first20-rate-limit-rerun-2026-04-27-3batch-b01,run-first20x7-round0-2026-04-24;run-first20-rate-limit-rerun-2026-04-27-3batch-b01
civ6-adjacency-optimizer__environment-control,civ6-adjacency-optimizer,environment-control,completed,C,2,2,0,0,False,,run-first20-rate-limit-rerun-2026-04-27-3batch-b01,2026-04-28T01:53:08.465400+00:00,2026-04-28T03:21:15.563341+00:00,succeeded,run,0,completed,,,,2,60.0,2,60.0,False,False,False,<repo-root>/experiments/skillx-skillsbench-001/results/outer-loop-round0/sonnet45-task-list-first20-v0.1/pairs/civ6-adjacency-optimizer__environment-control/refine_run_run-first20-rate-limit-rerun-2026-04-27-3batch-b01,run-first20x7-round0-2026-04-24;run-first20-rate-limit-rerun-2026-04-27-3batch-b01
civ6-adjacency-optimizer__methodology-guardrail,civ6-adjacency-optimizer,methodology-guardrail,completed,C,2,2,0,0,False,,run-first20-rate-limit-rerun-2026-04-27-3batch-b01,2026-04-28T03:21:15.568639+00:00,2026-04-28T04:30:01.530308+00:00,succeeded,run,0,completed,,,,2,60.0,2,60.0,False,False,False,<repo-root>/experiments/skillx-skillsbench-001/results/outer-loop-round0/sonnet45-task-list-first20-v0.1/pairs/civ6-adjacency-optimizer__methodology-guardrail/refine_run_run-first20-rate-limit-rerun-2026-04-27-3batch-b01,run-first20x7-round0-2026-04-24;run-first20-rate-limit-rerun-2026-04-27-3batch-b01
civ6-adjacency-optimizer__orchestration-delegation,civ6-adjacency-optimizer,orchestration-delegation,completed,C,2,2,0,0,False,,run-first20-rate-limit-rerun-2026-04-27-3batch-b01,2026-04-28T04:30:01.535085+00:00,2026-04-28T05:33:13.136494+00:00,succeeded,run,0,completed,,,,0,60.0,0,60.0,False,False,False,<repo-root>/experiments/skillx-skillsbench-001/results/outer-loop-round0/sonnet45-task-list-first20-v0.1/pairs/civ6-adjacency-optimizer__orchestration-delegation/refine_run_run-first20-rate-limit-rerun-2026-04-27-3batch-b01,run-first20x7-round0-2026-04-24;run-first20-rate-limit-rerun-2026-04-27-3batch-b01
court-form-filling__artifact-generation,court-form-filling,artifact-generation,completed,C,2,2,0,0,False,,run-first20-rate-limit-rerun-2026-04-27-3batch-b01,2026-04-28T05:33:13.143374+00:00,2026-04-28T06:12:30.551010+00:00,succeeded,run,0,completed,,,,1,100.0,1,100.0,False,False,False,<repo-root>/experiments/skillx-skillsbench-001/results/outer-loop-round0/sonnet45-task-list-first20-v0.1/pairs/court-form-filling__artifact-generation/refine_run_run-first20-rate-limit-rerun-2026-04-27-3batch-b01,run-first20x7-round0-2026-04-24;run-first20-rate-limit-rerun-2026-04-27-3batch-b01
court-form-filling__analytic-pipeline,court-form-filling,analytic-pipeline,completed,C,2,2,0,0,False,,run-first20-rate-limit-rerun-2026-04-27-3batch-b01,2026-04-28T06:12:30.564449+00:00,2026-04-28T06:52:37.017413+00:00,succeeded,run,0,completed,,,,1,100.0,1,100.0,False,False,False,<repo-root>/experiments/skillx-skillsbench-001/results/outer-loop-round0/sonnet45-task-list-first20-v0.1/pairs/court-form-filling__analytic-pipeline/refine_run_run-first20-rate-limit-rerun-2026-04-27-3batch-b01,run-first20x7-round0-2026-04-24;run-first20-rate-limit-rerun-2026-04-27-3batch-b01
court-form-filling__engineering-composition,court-form-filling,engineering-composition,completed,C,2,2,0,0,False,,run-first20-rate-limit-rerun-2026-04-27-3batch-b01,2026-04-28T06:52:37.024924+00:00,2026-04-28T07:39:49.001851+00:00,succeeded,run,0,completed,,,,0,0.0,0,0.0,False,False,False,<repo-root>/experiments/skillx-skillsbench-001/results/outer-loop-round0/sonnet45-task-list-first20-v0.1/pairs/court-form-filling__engineering-composition/refine_run_run-first20-rate-limit-rerun-2026-04-27-3batch-b01,run-first20x7-round0-2026-04-24;run-first20-rate-limit-rerun-2026-04-27-3batch-b01
court-form-filling__retrieval-heavy-synthesis,court-form-filling,retrieval-heavy-synthesis,completed,C,2,2,0,0,False,,run-first20-rate-limit-rerun-2026-04-27-3batch-b01,2026-04-28T07:39:49.010123+00:00,2026-04-28T08:24:05.398529+00:00,succeeded,run,0,completed,,,,3,100.0,3,100.0,False,False,False,<repo-root>/experiments/skillx-skillsbench-001/results/outer-loop-round0/sonnet45-task-list-first20-v0.1/pairs/court-form-filling__retrieval-heavy-synthesis/refine_run_run-first20-rate-limit-rerun-2026-04-27-3batch-b01,run-first20x7-round0-2026-04-24;run-first20-rate-limit-rerun-2026-04-27-3batch-b01
court-form-filling__environment-control,court-form-filling,environment-control,completed,C,2,2,0,0,False,,run-first20-rate-limit-rerun-2026-04-27-3batch-b01,2026-04-28T08:24:05.406739+00:00,2026-04-28T09:01:11.374753+00:00,succeeded,run,0,completed,,,,0,0.0,0,0.0,False,False,False,<repo-root>/experiments/skillx-skillsbench-001/results/outer-loop-round0/sonnet45-task-list-first20-v0.1/pairs/court-form-filling__environment-control/refine_run_run-first20-rate-limit-rerun-2026-04-27-3batch-b01,run-first20x7-round0-2026-04-24;run-first20-rate-limit-rerun-2026-04-27-3batch-b01
court-form-filling__methodology-guardrail,court-form-filling,methodology-guardrail,completed,C,2,2,0,0,False,,run-first20-rate-limit-rerun-2026-04-27-3batch-b01,2026-04-28T09:01:11.379272+00:00,2026-04-28T10:03:18.682087+00:00,succeeded,run,0,completed,,,,2,100.0,2,100.0,False,False,False,<repo-root>/experiments/skillx-skillsbench-001/results/outer-loop-round0/sonnet45-task-list-first20-v0.1/pairs/court-form-filling__methodology-guardrail/refine_run_run-first20-rate-limit-rerun-2026-04-27-3batch-b01,run-first20x7-round0-2026-04-24;run-first20-rate-limit-rerun-2026-04-27-3batch-b01
court-form-filling__orchestration-delegation,court-form-filling,orchestration-delegation,completed,C,2,2,0,0,False,,run-first20-rate-limit-rerun-2026-04-27-3batch-b01,2026-04-28T10:03:18.695045+00:00,2026-04-28T10:43:12.342583+00:00,succeeded,run,0,completed,,,,1,100.0,1,100.0,False,False,False,<repo-root>/experiments/skillx-skillsbench-001/results/outer-loop-round0/sonnet45-task-list-first20-v0.1/pairs/court-form-filling__orchestration-delegation/refine_run_run-first20-rate-limit-rerun-2026-04-27-3batch-b01,run-first20x7-round0-2026-04-24;run-first20-rate-limit-rerun-2026-04-27-3batch-b01
dapt-intrusion-detection__artifact-generation,dapt-intrusion-detection,artifact-generation,completed,C,2,2,0,0,False,,run-first20-rate-limit-rerun-2026-04-27-3batch-b01,2026-04-28T10:43:12.351101+00:00,2026-04-28T11:23:58.969771+00:00,succeeded,run,0,skipped_baseline_perfect,,,,0,100.0,0,100.0,False,False,False,<repo-root>/experiments/skillx-skillsbench-001/results/outer-loop-round0/sonnet45-task-list-first20-v0.1/pairs/dapt-intrusion-detection__artifact-generation/refine_run_run-first20-rate-limit-rerun-2026-04-27-3batch-b01,run-first20x7-round0-2026-04-24;run-first20-rate-limit-rerun-2026-04-27-3batch-b01
dapt-intrusion-detection__analytic-pipeline,dapt-intrusion-detection,analytic-pipeline,completed,C,2,2,0,0,False,,run-first20-rate-limit-rerun-2026-04-27-3batch-b01,2026-04-28T11:23:58.972813+00:00,2026-04-28T12:15:03.091923+00:00,succeeded,run,0,completed,,,,0,0.0,0,0.0,False,False,False,<repo-root>/experiments/skillx-skillsbench-001/results/outer-loop-round0/sonnet45-task-list-first20-v0.1/pairs/dapt-intrusion-detection__analytic-pipeline/refine_run_run-first20-rate-limit-rerun-2026-04-27-3batch-b01,run-first20x7-round0-2026-04-24;run-first20-rate-limit-rerun-2026-04-27-3batch-b01
dapt-intrusion-detection__engineering-composition,dapt-intrusion-detection,engineering-composition,completed,C,2,2,0,0,False,,run-first20-rate-limit-rerun-2026-04-27-3batch-b01,2026-04-28T12:15:03.094681+00:00,2026-04-28T12:25:35.229493+00:00,succeeded,run,0,skipped_baseline_perfect,,,,0,100.0,0,100.0,False,False,False,<repo-root>/experiments/skillx-skillsbench-001/results/outer-loop-round0/sonnet45-task-list-first20-v0.1/pairs/dapt-intrusion-detection__engineering-composition/refine_run_run-first20-rate-limit-rerun-2026-04-27-3batch-b01,run-first20x7-round0-2026-04-24;run-first20-rate-limit-rerun-2026-04-27-3batch-b01
dapt-intrusion-detection__retrieval-heavy-synthesis,dapt-intrusion-detection,retrieval-heavy-synthesis,completed,C,2,2,0,0,False,,run-first20-rate-limit-rerun-2026-04-27-3batch-b01,2026-04-28T12:25:35.233569+00:00,2026-04-28T13:12:56.665825+00:00,succeeded,run,0,completed,,,,1,100.0,1,100.0,False,False,False,<repo-root>/experiments/skillx-skillsbench-001/results/outer-loop-round0/sonnet45-task-list-first20-v0.1/pairs/dapt-intrusion-detection__retrieval-heavy-synthesis/refine_run_run-first20-rate-limit-rerun-2026-04-27-3batch-b01,run-first20x7-round0-2026-04-24;run-first20-rate-limit-rerun-2026-04-27-3batch-b01
dapt-intrusion-detection__environment-control,dapt-intrusion-detection,environment-control,completed,C,2,2,0,0,False,,run-first20-rate-limit-rerun-2026-04-27-3batch-b01,2026-04-28T13:12:56.667651+00:00,2026-04-28T13:23:38.596665+00:00,succeeded,run,0,skipped_baseline_perfect,,,,0,100.0,0,100.0,False,False,False,<repo-root>/experiments/skillx-skillsbench-001/results/outer-loop-round0/sonnet45-task-list-first20-v0.1/pairs/dapt-intrusion-detection__environment-control/refine_run_run-first20-rate-limit-rerun-2026-04-27-3batch-b01,run-first20x7-round0-2026-04-24;run-first20-rate-limit-rerun-2026-04-27-3batch-b01
dapt-intrusion-detection__methodology-guardrail,dapt-intrusion-detection,methodology-guardrail,completed,C,2,2,0,0,False,,run-first20-rate-limit-rerun-2026-04-27-3batch-b01,2026-04-28T13:23:38.602113+00:00,2026-04-28T14:07:47.296310+00:00,succeeded,run,0,completed,,,,1,100.0,1,100.0,False,False,False,<repo-root>/experiments/skillx-skillsbench-001/results/outer-loop-round0/sonnet45-task-list-first20-v0.1/pairs/dapt-intrusion-detection__methodology-guardrail/refine_run_run-first20-rate-limit-rerun-2026-04-27-3batch-b01,run-first20x7-round0-2026-04-24;run-first20-rate-limit-rerun-2026-04-27-3batch-b01
dapt-intrusion-detection__orchestration-delegation,dapt-intrusion-detection,orchestration-delegation,completed,C,2,2,0,0,False,,run-first20-rate-limit-rerun-2026-04-27-3batch-b01,2026-04-28T14:07:47.298707+00:00,2026-04-28T14:18:40.083837+00:00,succeeded,run,0,skipped_baseline_perfect,,,,0,100.0,0,100.0,False,False,False,<repo-root>/experiments/skillx-skillsbench-001/results/outer-loop-round0/sonnet45-task-list-first20-v0.1/pairs/dapt-intrusion-detection__orchestration-delegation/refine_run_run-first20-rate-limit-rerun-2026-04-27-3batch-b01,run-first20x7-round0-2026-04-24;run-first20-rate-limit-rerun-2026-04-27-3batch-b01
data-to-d3__artifact-generation,data-to-d3,artifact-generation,completed,C,2,2,0,0,False,,run-first20-rate-limit-rerun-2026-04-27-3batch-b01,2026-04-28T14:18:40.087525+00:00,2026-04-28T15:14:53.444756+00:00,succeeded,run,0,completed,,,,0,0.0,0,0.0,False,False,False,<repo-root>/experiments/skillx-skillsbench-001/results/outer-loop-round0/sonnet45-task-list-first20-v0.1/pairs/data-to-d3__artifact-generation/refine_run_run-first20-rate-limit-rerun-2026-04-27-3batch-b01,run-first20x7-round0-2026-04-24;run-first20-rate-limit-rerun-2026-04-27-3batch-b01
data-to-d3__analytic-pipeline,data-to-d3,analytic-pipeline,completed,C,2,2,0,0,False,,run-first20-rate-limit-rerun-2026-04-27-3batch-b01,2026-04-28T15:14:53.453197+00:00,2026-04-28T16:09:26.252788+00:00,succeeded,run,0,completed,,,,0,0.0,0,0.0,False,False,False,<repo-root>/experiments/skillx-skillsbench-001/results/outer-loop-round0/sonnet45-task-list-first20-v0.1/pairs/data-to-d3__analytic-pipeline/refine_run_run-first20-rate-limit-rerun-2026-04-27-3batch-b01,run-first20x7-round0-2026-04-24;run-first20-rate-limit-rerun-2026-04-27-3batch-b01
data-to-d3__engineering-composition,data-to-d3,engineering-composition,completed,C,2,2,0,0,False,,run-first20-rate-limit-rerun-2026-04-27-3batch-b01,2026-04-28T16:09:26.256785+00:00,2026-04-28T17:16:30.005763+00:00,succeeded,run,0,completed,,,,0,0.0,0,0.0,False,False,False,<repo-root>/experiments/skillx-skillsbench-001/results/outer-loop-round0/sonnet45-task-list-first20-v0.1/pairs/data-to-d3__engineering-composition/refine_run_run-first20-rate-limit-rerun-2026-04-27-3batch-b01,run-first20x7-round0-2026-04-24;run-first20-rate-limit-rerun-2026-04-27-3batch-b01
data-to-d3__retrieval-heavy-synthesis,data-to-d3,retrieval-heavy-synthesis,completed,C,2,2,0,0,False,,run-first20-rate-limit-rerun-2026-04-27-3batch-b01,2026-04-28T17:16:30.011556+00:00,2026-04-28T18:18:40.631941+00:00,succeeded,run,0,completed,,,,0,0.0,0,0.0,False,False,False,<repo-root>/experiments/skillx-skillsbench-001/results/outer-loop-round0/sonnet45-task-list-first20-v0.1/pairs/data-to-d3__retrieval-heavy-synthesis/refine_run_run-first20-rate-limit-rerun-2026-04-27-3batch-b01,run-first20x7-round0-2026-04-24;run-first20-rate-limit-rerun-2026-04-27-3batch-b01
data-to-d3__environment-control,data-to-d3,environment-control,completed,C,3,2,0,1,False,,run-first20-rate-limit-rerun-2026-04-27-3batch-b01,2026-04-28T18:18:40.635085+00:00,2026-04-28T19:17:42.661479+00:00,succeeded,run,0,completed,,,,0,0.0,0,0.0,False,False,False,<repo-root>/experiments/skillx-skillsbench-001/results/outer-loop-round0/sonnet45-task-list-first20-v0.1/pairs/data-to-d3__environment-control/refine_run_run-first20-rate-limit-rerun-2026-04-27-3batch-b01,run-first20x7-round0-2026-04-24;run-first20x7-rerun-failed5-2026-04-25-v2;run-first20-rate-limit-rerun-2026-04-27-3batch-b01
data-to-d3__methodology-guardrail,data-to-d3,methodology-guardrail,completed,C,2,1,0,1,False,,run-first20x7-rerun-failed5-2026-04-25-v2,2026-04-26T03:49:56.758273+00:00,2026-04-26T04:19:35.962928+00:00,succeeded,run,0,completed,,,,1,100.0,1,100.0,False,False,False,<repo-root>/experiments/skillx-skillsbench-001/results/outer-loop-round0/sonnet45-task-list-first20-v0.1/pairs/data-to-d3__methodology-guardrail/refine_run_run-first20x7-rerun-failed5-2026-04-25-v2,run-first20x7-round0-2026-04-24;run-first20x7-rerun-failed5-2026-04-25-v2
data-to-d3__orchestration-delegation,data-to-d3,orchestration-delegation,completed,C,1,1,0,0,False,,run-first20x7-round0-2026-04-24,2026-04-25T10:50:50.431331+00:00,2026-04-25T11:30:35.730224+00:00,succeeded,run,0,completed,,,,0,100.0,0,100.0,False,False,False,<repo-root>/experiments/skillx-skillsbench-001/results/outer-loop-round0/sonnet45-task-list-first20-v0.1/pairs/data-to-d3__orchestration-delegation/refine_run_run-first20x7-round0-2026-04-24,run-first20x7-round0-2026-04-24
earthquake-phase-association__artifact-generation,earthquake-phase-association,artifact-generation,completed,C,2,2,0,0,False,,run-first20-rate-limit-rerun-2026-04-27-3batch-b02,2026-04-28T05:19:22.525512+00:00,2026-04-28T05:19:22.525990+00:00,succeeded,skip_existing_succeeded,0,completed,,,,0,100.0,0,100.0,False,False,False,<repo-root>/experiments/skillx-skillsbench-001/results/outer-loop-round0/sonnet45-task-list-first20-v0.1/pairs/earthquake-phase-association__artifact-generation/refine_run_run-first20-rate-limit-rerun-2026-04-27-3batch-b02,run-first20x7-round0-2026-04-24;run-first20-rate-limit-rerun-2026-04-27-3batch-b02
earthquake-phase-association__analytic-pipeline,earthquake-phase-association,analytic-pipeline,completed,C,2,2,0,0,False,,run-first20-rate-limit-rerun-2026-04-27-3batch-b02,2026-04-28T05:19:22.526648+00:00,2026-04-28T05:19:22.527086+00:00,succeeded,skip_existing_succeeded,0,completed,,,,1,100.0,1,100.0,False,False,False,<repo-root>/experiments/skillx-skillsbench-001/results/outer-loop-round0/sonnet45-task-list-first20-v0.1/pairs/earthquake-phase-association__analytic-pipeline/refine_run_run-first20-rate-limit-rerun-2026-04-27-3batch-b02,run-first20x7-round0-2026-04-24;run-first20-rate-limit-rerun-2026-04-27-3batch-b02
earthquake-phase-association__engineering-composition,earthquake-phase-association,engineering-composition,completed,C,2,2,0,0,False,,run-first20-rate-limit-rerun-2026-04-27-3batch-b02,2026-04-28T05:19:22.527943+00:00,2026-04-28T05:19:22.528373+00:00,succeeded,skip_existing_succeeded,0,completed,,,,1,100.0,1,100.0,False,False,False,<repo-root>/experiments/skillx-skillsbench-001/results/outer-loop-round0/sonnet45-task-list-first20-v0.1/pairs/earthquake-phase-association__engineering-composition/refine_run_run-first20-rate-limit-rerun-2026-04-27-3batch-b02,run-first20x7-round0-2026-04-24;run-first20-rate-limit-rerun-2026-04-27-3batch-b02
earthquake-phase-association__retrieval-heavy-synthesis,earthquake-phase-association,retrieval-heavy-synthesis,completed,C,2,2,0,0,False,,run-first20-rate-limit-rerun-2026-04-27-3batch-b02,2026-04-28T05:19:22.529065+00:00,2026-04-28T05:19:22.529525+00:00,succeeded,skip_existing_succeeded,0,completed,,,,1,100.0,1,100.0,False,False,False,<repo-root>/experiments/skillx-skillsbench-001/results/outer-loop-round0/sonnet45-task-list-first20-v0.1/pairs/earthquake-phase-association__retrieval-heavy-synthesis/refine_run_run-first20-rate-limit-rerun-2026-04-27-3batch-b02,run-first20x7-round0-2026-04-24;run-first20-rate-limit-rerun-2026-04-27-3batch-b02
earthquake-phase-association__environment-control,earthquake-phase-association,environment-control,completed,C,2,2,0,0,False,,run-first20-rate-limit-rerun-2026-04-27-3batch-b02,2026-04-28T05:19:22.530221+00:00,2026-04-28T05:19:22.530679+00:00,succeeded,skip_existing_succeeded,0,skipped_baseline_perfect,,,,0,100.0,0,100.0,False,False,False,<repo-root>/experiments/skillx-skillsbench-001/results/outer-loop-round0/sonnet45-task-list-first20-v0.1/pairs/earthquake-phase-association__environment-control/refine_run_run-first20-rate-limit-rerun-2026-04-27-3batch-b02,run-first20x7-round0-2026-04-24;run-first20-rate-limit-rerun-2026-04-27-3batch-b02
earthquake-phase-association__methodology-guardrail,earthquake-phase-association,methodology-guardrail,completed,C,2,2,0,0,False,,run-first20-rate-limit-rerun-2026-04-27-3batch-b02,2026-04-28T05:19:22.531338+00:00,2026-04-28T05:19:22.531727+00:00,succeeded,skip_existing_succeeded,0,skipped_baseline_perfect,,,,0,100.0,0,100.0,False,False,False,<repo-root>/experiments/skillx-skillsbench-001/results/outer-loop-round0/sonnet45-task-list-first20-v0.1/pairs/earthquake-phase-association__methodology-guardrail/refine_run_run-first20-rate-limit-rerun-2026-04-27-3batch-b02,run-first20x7-round0-2026-04-24;run-first20-rate-limit-rerun-2026-04-27-3batch-b02
earthquake-phase-association__orchestration-delegation,earthquake-phase-association,orchestration-delegation,completed,C,2,2,0,0,False,,run-first20-rate-limit-rerun-2026-04-27-3batch-b02,2026-04-28T05:19:22.532690+00:00,2026-04-28T05:19:22.533098+00:00,succeeded,skip_existing_succeeded,0,completed,,,,1,100.0,1,100.0,False,False,False,<repo-root>/experiments/skillx-skillsbench-001/results/outer-loop-round0/sonnet45-task-list-first20-v0.1/pairs/earthquake-phase-association__orchestration-delegation/refine_run_run-first20-rate-limit-rerun-2026-04-27-3batch-b02,run-first20x7-round0-2026-04-24;run-first20-rate-limit-rerun-2026-04-27-3batch-b02
earthquake-plate-calculation__artifact-generation,earthquake-plate-calculation,artifact-generation,completed,C,2,2,0,0,False,,run-first20-rate-limit-rerun-2026-04-27-3batch-b02,2026-04-28T05:19:22.533906+00:00,2026-04-28T05:19:22.534344+00:00,succeeded,skip_existing_succeeded,0,completed,,,,2,100.0,2,100.0,False,False,False,<repo-root>/experiments/skillx-skillsbench-001/results/outer-loop-round0/sonnet45-task-list-first20-v0.1/pairs/earthquake-plate-calculation__artifact-generation/refine_run_run-first20-rate-limit-rerun-2026-04-27-3batch-b02,run-first20x7-round0-2026-04-24;run-first20-rate-limit-rerun-2026-04-27-3batch-b02
earthquake-plate-calculation__analytic-pipeline,earthquake-plate-calculation,analytic-pipeline,completed,C,2,2,0,0,False,,run-first20-rate-limit-rerun-2026-04-27-3batch-b02,2026-04-28T05:19:22.535174+00:00,2026-04-28T05:19:22.536742+00:00,succeeded,skip_existing_succeeded,0,completed,,,,0,0.0,0,0.0,False,False,False,<repo-root>/experiments/skillx-skillsbench-001/results/outer-loop-round0/sonnet45-task-list-first20-v0.1/pairs/earthquake-plate-calculation__analytic-pipeline/refine_run_run-first20-rate-limit-rerun-2026-04-27-3batch-b02,run-first20x7-round0-2026-04-24;run-first20-rate-limit-rerun-2026-04-27-3batch-b02
earthquake-plate-calculation__engineering-composition,earthquake-plate-calculation,engineering-composition,completed,C,2,2,0,0,False,,run-first20-rate-limit-rerun-2026-04-27-3batch-b02,2026-04-28T05:19:22.537536+00:00,2026-04-28T05:19:22.537909+00:00,succeeded,skip_existing_succeeded,0,completed,,,,0,0.0,0,0.0,False,False,False,<repo-root>/experiments/skillx-skillsbench-001/results/outer-loop-round0/sonnet45-task-list-first20-v0.1/pairs/earthquake-plate-calculation__engineering-composition/refine_run_run-first20-rate-limit-rerun-2026-04-27-3batch-b02,run-first20x7-round0-2026-04-24;run-first20-rate-limit-rerun-2026-04-27-3batch-b02
earthquake-plate-calculation__retrieval-heavy-synthesis,earthquake-plate-calculation,retrieval-heavy-synthesis,completed,C,2,2,0,0,False,,run-first20-rate-limit-rerun-2026-04-27-3batch-b02,2026-04-28T05:19:22.538510+00:00,2026-04-28T05:19:22.538869+00:00,succeeded,skip_existing_succeeded,0,completed,,,,0,0.0,0,0.0,False,False,False,<repo-root>/experiments/skillx-skillsbench-001/results/outer-loop-round0/sonnet45-task-list-first20-v0.1/pairs/earthquake-plate-calculation__retrieval-heavy-synthesis/refine_run_run-first20-rate-limit-rerun-2026-04-27-3batch-b02,run-first20x7-round0-2026-04-24;run-first20-rate-limit-rerun-2026-04-27-3batch-b02
earthquake-plate-calculation__environment-control,earthquake-plate-calculation,environment-control,completed,C,2,2,0,0,False,,run-first20-rate-limit-rerun-2026-04-27-3batch-b02,2026-04-28T05:19:22.539319+00:00,2026-04-28T05:19:22.539631+00:00,succeeded,skip_existing_succeeded,0,completed,,,,0,0.0,0,0.0,False,False,False,<repo-root>/experiments/skillx-skillsbench-001/results/outer-loop-round0/sonnet45-task-list-first20-v0.1/pairs/earthquake-plate-calculation__environment-control/refine_run_run-first20-rate-limit-rerun-2026-04-27-3batch-b02,run-first20x7-round0-2026-04-24;run-first20-rate-limit-rerun-2026-04-27-3batch-b02
earthquake-plate-calculation__methodology-guardrail,earthquake-plate-calculation,methodology-guardrail,completed,C,2,2,0,0,False,,run-first20-rate-limit-rerun-2026-04-27-3batch-b02,2026-04-28T05:19:22.540045+00:00,2026-04-28T05:19:22.540358+00:00,succeeded,skip_existing_succeeded,0,completed,,,,0,0.0,0,0.0,False,False,False,<repo-root>/experiments/skillx-skillsbench-001/results/outer-loop-round0/sonnet45-task-list-first20-v0.1/pairs/earthquake-plate-calculation__methodology-guardrail/refine_run_run-first20-rate-limit-rerun-2026-04-27-3batch-b02,run-first20x7-round0-2026-04-24;run-first20-rate-limit-rerun-2026-04-27-3batch-b02
earthquake-plate-calculation__orchestration-delegation,earthquake-plate-calculation,orchestration-delegation,completed,C,2,2,0,0,False,,run-first20-rate-limit-rerun-2026-04-27-3batch-b02,2026-04-28T05:19:22.540775+00:00,2026-04-28T05:19:22.541097+00:00,succeeded,skip_existing_succeeded,0,completed,,,,1,100.0,1,100.0,False,False,False,<repo-root>/experiments/skillx-skillsbench-001/results/outer-loop-round0/sonnet45-task-list-first20-v0.1/pairs/earthquake-plate-calculation__orchestration-delegation/refine_run_run-first20-rate-limit-rerun-2026-04-27-3batch-b02,run-first20x7-round0-2026-04-24;run-first20-rate-limit-rerun-2026-04-27-3batch-b02
econ-detrending-correlation__artifact-generation,econ-detrending-correlation,artifact-generation,completed,C,2,2,0,0,False,,run-first20-rate-limit-rerun-2026-04-27-3batch-b02,2026-04-28T05:19:22.541581+00:00,2026-04-28T05:19:22.543307+00:00,succeeded,skip_existing_succeeded,0,skipped_baseline_perfect,,,,0,100.0,0,100.0,False,False,False,<repo-root>/experiments/skillx-skillsbench-001/results/outer-loop-round0/sonnet45-task-list-first20-v0.1/pairs/econ-detrending-correlation__artifact-generation/refine_run_run-first20-rate-limit-rerun-2026-04-27-3batch-b02,run-first20x7-round0-2026-04-24;run-first20-rate-limit-rerun-2026-04-27-3batch-b02
econ-detrending-correlation__analytic-pipeline,econ-detrending-correlation,analytic-pipeline,completed,C,2,2,0,0,False,,run-first20-rate-limit-rerun-2026-04-27-3batch-b02,2026-04-28T05:19:22.544031+00:00,2026-04-28T05:19:22.544462+00:00,succeeded,skip_existing_succeeded,0,skipped_baseline_perfect,,,,0,100.0,0,100.0,False,False,False,<repo-root>/experiments/skillx-skillsbench-001/results/outer-loop-round0/sonnet45-task-list-first20-v0.1/pairs/econ-detrending-correlation__analytic-pipeline/refine_run_run-first20-rate-limit-rerun-2026-04-27-3batch-b02,run-first20x7-round0-2026-04-24;run-first20-rate-limit-rerun-2026-04-27-3batch-b02
econ-detrending-correlation__engineering-composition,econ-detrending-correlation,engineering-composition,completed,C,2,2,0,0,False,,run-first20-rate-limit-rerun-2026-04-27-3batch-b02,2026-04-28T05:19:22.545098+00:00,2026-04-28T05:19:22.545469+00:00,succeeded,skip_existing_succeeded,0,skipped_baseline_perfect,,,,0,100.0,0,100.0,False,False,False,<repo-root>/experiments/skillx-skillsbench-001/results/outer-loop-round0/sonnet45-task-list-first20-v0.1/pairs/econ-detrending-correlation__engineering-composition/refine_run_run-first20-rate-limit-rerun-2026-04-27-3batch-b02,run-first20x7-round0-2026-04-24;run-first20-rate-limit-rerun-2026-04-27-3batch-b02
econ-detrending-correlation__retrieval-heavy-synthesis,econ-detrending-correlation,retrieval-heavy-synthesis,completed,C,2,2,0,0,False,,run-first20-rate-limit-rerun-2026-04-27-3batch-b02,2026-04-28T05:19:22.546361+00:00,2026-04-28T05:19:22.546813+00:00,succeeded,skip_existing_succeeded,0,skipped_baseline_perfect,,,,0,100.0,0,100.0,False,False,False,<repo-root>/experiments/skillx-skillsbench-001/results/outer-loop-round0/sonnet45-task-list-first20-v0.1/pairs/econ-detrending-correlation__retrieval-heavy-synthesis/refine_run_run-first20-rate-limit-rerun-2026-04-27-3batch-b02,run-first20x7-round0-2026-04-24;run-first20-rate-limit-rerun-2026-04-27-3batch-b02
econ-detrending-correlation__environment-control,econ-detrending-correlation,environment-control,completed,C,2,2,0,0,False,,run-first20-rate-limit-rerun-2026-04-27-3batch-b02,2026-04-28T05:19:22.547484+00:00,2026-04-28T05:19:22.548014+00:00,succeeded,skip_existing_succeeded,0,skipped_baseline_perfect,,,,0,100.0,0,100.0,False,False,False,<repo-root>/experiments/skillx-skillsbench-001/results/outer-loop-round0/sonnet45-task-list-first20-v0.1/pairs/econ-detrending-correlation__environment-control/refine_run_run-first20-rate-limit-rerun-2026-04-27-3batch-b02,run-first20x7-round0-2026-04-24;run-first20-rate-limit-rerun-2026-04-27-3batch-b02
econ-detrending-correlation__methodology-guardrail,econ-detrending-correlation,methodology-guardrail,completed,C,2,2,0,0,False,,run-first20-rate-limit-rerun-2026-04-27-3batch-b02,2026-04-28T05:19:22.548803+00:00,2026-04-28T05:19:22.549246+00:00,succeeded,skip_existing_succeeded,0,skipped_baseline_perfect,,,,0,100.0,0,100.0,False,False,False,<repo-root>/experiments/skillx-skillsbench-001/results/outer-loop-round0/sonnet45-task-list-first20-v0.1/pairs/econ-detrending-correlation__methodology-guardrail/refine_run_run-first20-rate-limit-rerun-2026-04-27-3batch-b02,run-first20x7-round0-2026-04-24;run-first20-rate-limit-rerun-2026-04-27-3batch-b02
econ-detrending-correlation__orchestration-delegation,econ-detrending-correlation,orchestration-delegation,completed,C,2,2,0,0,False,,run-first20-rate-limit-rerun-2026-04-27-3batch-b02,2026-04-28T05:19:22.549939+00:00,2026-04-28T05:19:22.550371+00:00,succeeded,skip_existing_succeeded,0,completed,,,,1,100.0,1,100.0,False,False,False,<repo-root>/experiments/skillx-skillsbench-001/results/outer-loop-round0/sonnet45-task-list-first20-v0.1/pairs/econ-detrending-correlation__orchestration-delegation/refine_run_run-first20-rate-limit-rerun-2026-04-27-3batch-b02,run-first20x7-round0-2026-04-24;run-first20-rate-limit-rerun-2026-04-27-3batch-b02
energy-ac-optimal-power-flow__artifact-generation,energy-ac-optimal-power-flow,artifact-generation,completed,C,2,2,0,0,False,,run-first20-rate-limit-rerun-2026-04-27-3batch-b02,2026-04-28T05:19:22.551106+00:00,2026-04-28T05:19:22.551494+00:00,succeeded,skip_existing_succeeded,0,skipped_baseline_perfect,,,,0,100.0,0,100.0,False,False,False,<repo-root>/experiments/skillx-skillsbench-001/results/outer-loop-round0/sonnet45-task-list-first20-v0.1/pairs/energy-ac-optimal-power-flow__artifact-generation/refine_run_run-first20-rate-limit-rerun-2026-04-27-3batch-b02,run-first20x7-round0-2026-04-24;run-first20-rate-limit-rerun-2026-04-27-3batch-b02
energy-ac-optimal-power-flow__analytic-pipeline,energy-ac-optimal-power-flow,analytic-pipeline,completed,C,2,2,0,0,False,,run-first20-rate-limit-rerun-2026-04-27-3batch-b02,2026-04-28T05:19:22.552072+00:00,2026-04-28T05:19:22.552428+00:00,succeeded,skip_existing_succeeded,0,skipped_baseline_perfect,,,,0,100.0,0,100.0,False,False,False,<repo-root>/experiments/skillx-skillsbench-001/results/outer-loop-round0/sonnet45-task-list-first20-v0.1/pairs/energy-ac-optimal-power-flow__analytic-pipeline/refine_run_run-first20-rate-limit-rerun-2026-04-27-3batch-b02,run-first20x7-round0-2026-04-24;run-first20-rate-limit-rerun-2026-04-27-3batch-b02
energy-ac-optimal-power-flow__engineering-composition,energy-ac-optimal-power-flow,engineering-composition,completed,C,2,2,0,0,False,,run-first20-rate-limit-rerun-2026-04-27-3batch-b02,2026-04-28T05:19:22.552951+00:00,2026-04-28T05:19:22.553323+00:00,succeeded,skip_existing_succeeded,0,skipped_baseline_perfect,,,,0,100.0,0,100.0,False,False,False,<repo-root>/experiments/skillx-skillsbench-001/results/outer-loop-round0/sonnet45-task-list-first20-v0.1/pairs/energy-ac-optimal-power-flow__engineering-composition/refine_run_run-first20-rate-limit-rerun-2026-04-27-3batch-b02,run-first20x7-round0-2026-04-24;run-first20-rate-limit-rerun-2026-04-27-3batch-b02
energy-ac-optimal-power-flow__retrieval-heavy-synthesis,energy-ac-optimal-power-flow,retrieval-heavy-synthesis,completed,C,2,2,0,0,False,,run-first20-rate-limit-rerun-2026-04-27-3batch-b02,2026-04-28T05:19:22.554148+00:00,2026-04-28T05:19:22.554487+00:00,succeeded,skip_existing_succeeded,0,skipped_baseline_perfect,,,,0,100.0,0,100.0,False,False,False,<repo-root>/experiments/skillx-skillsbench-001/results/outer-loop-round0/sonnet45-task-list-first20-v0.1/pairs/energy-ac-optimal-power-flow__retrieval-heavy-synthesis/refine_run_run-first20-rate-limit-rerun-2026-04-27-3batch-b02,run-first20x7-round0-2026-04-24;run-first20-rate-limit-rerun-2026-04-27-3batch-b02
energy-ac-optimal-power-flow__environment-control,energy-ac-optimal-power-flow,environment-control,completed,C,2,2,0,0,False,,run-first20-rate-limit-rerun-2026-04-27-3batch-b02,2026-04-28T05:19:22.555071+00:00,2026-04-28T05:19:22.555398+00:00,succeeded,skip_existing_succeeded,0,completed,,,,1,100.0,1,100.0,False,False,False,<repo-root>/experiments/skillx-skillsbench-001/results/outer-loop-round0/sonnet45-task-list-first20-v0.1/pairs/energy-ac-optimal-power-flow__environment-control/refine_run_run-first20-rate-limit-rerun-2026-04-27-3batch-b02,run-first20x7-round0-2026-04-24;run-first20-rate-limit-rerun-2026-04-27-3batch-b02
energy-ac-optimal-power-flow__methodology-guardrail,energy-ac-optimal-power-flow,methodology-guardrail,completed,C,2,2,0,0,False,,run-first20-rate-limit-rerun-2026-04-27-3batch-b02,2026-04-28T05:19:22.555974+00:00,2026-04-28T05:19:22.557636+00:00,succeeded,skip_existing_succeeded,0,skipped_baseline_perfect,,,,0,100.0,0,100.0,False,False,False,<repo-root>/experiments/skillx-skillsbench-001/results/outer-loop-round0/sonnet45-task-list-first20-v0.1/pairs/energy-ac-optimal-power-flow__methodology-guardrail/refine_run_run-first20-rate-limit-rerun-2026-04-27-3batch-b02,run-first20x7-round0-2026-04-24;run-first20-rate-limit-rerun-2026-04-27-3batch-b02
energy-ac-optimal-power-flow__orchestration-delegation,energy-ac-optimal-power-flow,orchestration-delegation,completed,C,2,2,0,0,False,,run-first20-rate-limit-rerun-2026-04-27-3batch-b02,2026-04-28T05:19:22.558315+00:00,2026-04-28T05:19:22.558658+00:00,succeeded,skip_existing_succeeded,0,skipped_baseline_perfect,,,,0,100.0,0,100.0,False,False,False,<repo-root>/experiments/skillx-skillsbench-001/results/outer-loop-round0/sonnet45-task-list-first20-v0.1/pairs/energy-ac-optimal-power-flow__orchestration-delegation/refine_run_run-first20-rate-limit-rerun-2026-04-27-3batch-b02,run-first20x7-round0-2026-04-24;run-first20-rate-limit-rerun-2026-04-27-3batch-b02
energy-market-pricing__artifact-generation,energy-market-pricing,artifact-generation,completed,C,2,2,0,0,False,,run-first20-rate-limit-rerun-2026-04-27-3batch-b02,2026-04-28T05:19:22.559831+00:00,2026-04-28T05:19:31.487414+00:00,succeeded,run,0,completed,,,,0,0.0,0,0.0,False,False,False,<repo-root>/experiments/skillx-skillsbench-001/results/outer-loop-round0/sonnet45-task-list-first20-v0.1/pairs/energy-market-pricing__artifact-generation/refine_run_run-first20-rate-limit-rerun-2026-04-27-3batch-b02,run-first20x7-round0-2026-04-24;run-first20-rate-limit-rerun-2026-04-27-3batch-b02
energy-market-pricing__analytic-pipeline,energy-market-pricing,analytic-pipeline,completed,C,2,2,0,0,False,,run-first20-rate-limit-rerun-2026-04-27-3batch-b02,2026-04-28T05:19:31.488743+00:00,2026-04-28T06:57:32.693031+00:00,succeeded,run,0,completed,,,,0,0.0,0,0.0,False,False,False,<repo-root>/experiments/skillx-skillsbench-001/results/outer-loop-round0/sonnet45-task-list-first20-v0.1/pairs/energy-market-pricing__analytic-pipeline/refine_run_run-first20-rate-limit-rerun-2026-04-27-3batch-b02,run-first20x7-round0-2026-04-24;run-first20-rate-limit-rerun-2026-04-27-3batch-b02
energy-market-pricing__engineering-composition,energy-market-pricing,engineering-composition,completed,C,2,2,0,0,False,,run-first20-rate-limit-rerun-2026-04-27-3batch-b02,2026-04-28T06:57:32.702387+00:00,2026-04-28T08:45:41.973796+00:00,succeeded,run,0,completed,,,,0,0.0,0,0.0,False,False,False,<repo-root>/experiments/skillx-skillsbench-001/results/outer-loop-round0/sonnet45-task-list-first20-v0.1/pairs/energy-market-pricing__engineering-composition/refine_run_run-first20-rate-limit-rerun-2026-04-27-3batch-b02,run-first20x7-round0-2026-04-24;run-first20-rate-limit-rerun-2026-04-27-3batch-b02
energy-market-pricing__retrieval-heavy-synthesis,energy-market-pricing,retrieval-heavy-synthesis,completed,C,2,2,0,0,False,,run-first20-rate-limit-rerun-2026-04-27-3batch-b02,2026-04-28T08:45:41.978284+00:00,2026-04-28T11:29:37.034539+00:00,succeeded,run,0,completed,,,,2,100.0,2,100.0,False,False,False,<repo-root>/experiments/skillx-skillsbench-001/results/outer-loop-round0/sonnet45-task-list-first20-v0.1/pairs/energy-market-pricing__retrieval-heavy-synthesis/refine_run_run-first20-rate-limit-rerun-2026-04-27-3batch-b02,run-first20x7-round0-2026-04-24;run-first20-rate-limit-rerun-2026-04-27-3batch-b02
energy-market-pricing__environment-control,energy-market-pricing,environment-control,completed,C,2,2,0,0,False,,run-first20-rate-limit-rerun-2026-04-27-3batch-b02,2026-04-28T11:29:37.036054+00:00,2026-04-28T12:28:36.437128+00:00,succeeded,run,0,completed,,,,2,100.0,2,100.0,False,False,False,<repo-root>/experiments/skillx-skillsbench-001/results/outer-loop-round0/sonnet45-task-list-first20-v0.1/pairs/energy-market-pricing__environment-control/refine_run_run-first20-rate-limit-rerun-2026-04-27-3batch-b02,run-first20x7-round0-2026-04-24;run-first20-rate-limit-rerun-2026-04-27-3batch-b02
energy-market-pricing__methodology-guardrail,energy-market-pricing,methodology-guardrail,completed,C,2,2,0,0,False,,run-first20-rate-limit-rerun-2026-04-27-3batch-b02,2026-04-28T12:28:36.441617+00:00,2026-04-28T13:03:45.026069+00:00,succeeded,run,0,skipped_baseline_perfect,,,,0,100.0,0,100.0,False,False,False,<repo-root>/experiments/skillx-skillsbench-001/results/outer-loop-round0/sonnet45-task-list-first20-v0.1/pairs/energy-market-pricing__methodology-guardrail/refine_run_run-first20-rate-limit-rerun-2026-04-27-3batch-b02,run-first20x7-round0-2026-04-24;run-first20-rate-limit-rerun-2026-04-27-3batch-b02
energy-market-pricing__orchestration-delegation,energy-market-pricing,orchestration-delegation,completed,C,2,2,0,0,False,,run-first20-rate-limit-rerun-2026-04-27-3batch-b02,2026-04-28T13:03:45.028250+00:00,2026-04-28T14:22:00.060672+00:00,succeeded,run,0,completed,,,,0,0.0,0,0.0,False,False,False,<repo-root>/experiments/skillx-skillsbench-001/results/outer-loop-round0/sonnet45-task-list-first20-v0.1/pairs/energy-market-pricing__orchestration-delegation/refine_run_run-first20-rate-limit-rerun-2026-04-27-3batch-b02,run-first20x7-round0-2026-04-24;run-first20-rate-limit-rerun-2026-04-27-3batch-b02
exceltable-in-ppt__artifact-generation,exceltable-in-ppt,artifact-generation,completed,C,2,2,0,0,False,,run-first20-rate-limit-rerun-2026-04-27-3batch-b03,2026-04-28T13:51:55.339067+00:00,2026-04-28T14:10:51.443987+00:00,succeeded,run,0,skipped_baseline_perfect,,,,0,100.0,0,100.0,False,False,False,<repo-root>/experiments/skillx-skillsbench-001/results/outer-loop-round0/sonnet45-task-list-first20-v0.1/pairs/exceltable-in-ppt__artifact-generation/refine_run_run-first20-rate-limit-rerun-2026-04-27-3batch-b03,run-first20x7-round0-2026-04-24;run-first20-rate-limit-rerun-2026-04-27-3batch-b03
exceltable-in-ppt__analytic-pipeline,exceltable-in-ppt,analytic-pipeline,completed,C,2,2,0,0,False,,run-first20-rate-limit-rerun-2026-04-27-3batch-b03,2026-04-28T14:10:51.459865+00:00,2026-04-28T15:15:03.670749+00:00,succeeded,run,0,completed,,,,1,100.0,1,100.0,False,False,False,<repo-root>/experiments/skillx-skillsbench-001/results/outer-loop-round0/sonnet45-task-list-first20-v0.1/pairs/exceltable-in-ppt__analytic-pipeline/refine_run_run-first20-rate-limit-rerun-2026-04-27-3batch-b03,run-first20x7-round0-2026-04-24;run-first20-rate-limit-rerun-2026-04-27-3batch-b03
exceltable-in-ppt__engineering-composition,exceltable-in-ppt,engineering-composition,completed,C,2,2,0,0,False,,run-first20-rate-limit-rerun-2026-04-27-3batch-b03,2026-04-28T15:15:03.673586+00:00,2026-04-28T15:38:51.974347+00:00,succeeded,run,0,skipped_baseline_perfect,,,,0,100.0,0,100.0,False,False,False,<repo-root>/experiments/skillx-skillsbench-001/results/outer-loop-round0/sonnet45-task-list-first20-v0.1/pairs/exceltable-in-ppt__engineering-composition/refine_run_run-first20-rate-limit-rerun-2026-04-27-3batch-b03,run-first20x7-round0-2026-04-24;run-first20-rate-limit-rerun-2026-04-27-3batch-b03
exceltable-in-ppt__retrieval-heavy-synthesis,exceltable-in-ppt,retrieval-heavy-synthesis,completed,C,2,2,0,0,False,,run-first20-rate-limit-rerun-2026-04-27-3batch-b03,2026-04-28T15:38:51.981775+00:00,2026-04-28T16:01:08.996828+00:00,succeeded,run,0,skipped_baseline_perfect,,,,0,100.0,0,100.0,False,False,False,<repo-root>/experiments/skillx-skillsbench-001/results/outer-loop-round0/sonnet45-task-list-first20-v0.1/pairs/exceltable-in-ppt__retrieval-heavy-synthesis/refine_run_run-first20-rate-limit-rerun-2026-04-27-3batch-b03,run-first20x7-round0-2026-04-24;run-first20-rate-limit-rerun-2026-04-27-3batch-b03
exceltable-in-ppt__environment-control,exceltable-in-ppt,environment-control,completed,C,2,2,0,0,False,,run-first20-rate-limit-rerun-2026-04-27-3batch-b03,2026-04-28T16:01:08.999441+00:00,2026-04-28T16:44:41.636358+00:00,succeeded,run,0,completed,,,,1,100.0,1,100.0,False,False,False,<repo-root>/experiments/skillx-skillsbench-001/results/outer-loop-round0/sonnet45-task-list-first20-v0.1/pairs/exceltable-in-ppt__environment-control/refine_run_run-first20-rate-limit-rerun-2026-04-27-3batch-b03,run-first20x7-round0-2026-04-24;run-first20-rate-limit-rerun-2026-04-27-3batch-b03
exceltable-in-ppt__methodology-guardrail,exceltable-in-ppt,methodology-guardrail,completed,C,1,1,0,0,False,,run-first20x7-round0-2026-04-24,2026-04-25T17:04:51.739565+00:00,2026-04-25T17:36:32.409772+00:00,succeeded,run,0,completed,,,,0,0.0,0,0.0,False,False,False,<repo-root>/experiments/skillx-skillsbench-001/results/outer-loop-round0/sonnet45-task-list-first20-v0.1/pairs/exceltable-in-ppt__methodology-guardrail/refine_run_run-first20x7-round0-2026-04-24,run-first20x7-round0-2026-04-24
exceltable-in-ppt__orchestration-delegation,exceltable-in-ppt,orchestration-delegation,completed,C,2,2,0,0,False,,run-first20-rate-limit-rerun-2026-04-27-3batch-b03,2026-04-28T16:44:41.642357+00:00,2026-04-28T17:50:27.690643+00:00,succeeded,run,0,completed,,,,1,100.0,1,100.0,False,False,False,<repo-root>/experiments/skillx-skillsbench-001/results/outer-loop-round0/sonnet45-task-list-first20-v0.1/pairs/exceltable-in-ppt__orchestration-delegation/refine_run_run-first20-rate-limit-rerun-2026-04-27-3batch-b03,run-first20x7-round0-2026-04-24;run-first20-rate-limit-rerun-2026-04-27-3batch-b03
exoplanet-detection-period__artifact-generation,exoplanet-detection-period,artifact-generation,completed,C,2,2,0,0,False,,run-first20-rate-limit-rerun-2026-04-27-3batch-b03,2026-04-27T18:55:56.040057+00:00,2026-04-27T18:55:56.040637+00:00,succeeded,skip_existing_succeeded,0,completed,,,,0,0.0,0,0.0,False,False,False,<repo-root>/experiments/skillx-skillsbench-001/results/outer-loop-round0/sonnet45-task-list-first20-v0.1/pairs/exoplanet-detection-period__artifact-generation/refine_run_run-first20-rate-limit-rerun-2026-04-27-3batch-b03,run-first20x7-round0-2026-04-24;run-first20-rate-limit-rerun-2026-04-27-3batch-b03
exoplanet-detection-period__analytic-pipeline,exoplanet-detection-period,analytic-pipeline,completed,C,2,2,0,0,False,,run-first20-rate-limit-rerun-2026-04-27-3batch-b03,2026-04-27T18:55:56.041271+00:00,2026-04-27T18:55:56.041658+00:00,succeeded,skip_existing_succeeded,0,completed,,,,0,0.0,0,0.0,False,False,False,<repo-root>/experiments/skillx-skillsbench-001/results/outer-loop-round0/sonnet45-task-list-first20-v0.1/pairs/exoplanet-detection-period__analytic-pipeline/refine_run_run-first20-rate-limit-rerun-2026-04-27-3batch-b03,run-first20x7-round0-2026-04-24;run-first20-rate-limit-rerun-2026-04-27-3batch-b03
exoplanet-detection-period__engineering-composition,exoplanet-detection-period,engineering-composition,completed,C,2,2,0,0,False,,run-first20-rate-limit-rerun-2026-04-27-3batch-b03,2026-04-27T18:55:56.042548+00:00,2026-04-27T18:55:56.042953+00:00,succeeded,skip_existing_succeeded,0,completed,,,,3,100.0,3,100.0,False,False,False,<repo-root>/experiments/skillx-skillsbench-001/results/outer-loop-round0/sonnet45-task-list-first20-v0.1/pairs/exoplanet-detection-period__engineering-composition/refine_run_run-first20-rate-limit-rerun-2026-04-27-3batch-b03,run-first20x7-round0-2026-04-24;run-first20-rate-limit-rerun-2026-04-27-3batch-b03
exoplanet-detection-period__retrieval-heavy-synthesis,exoplanet-detection-period,retrieval-heavy-synthesis,completed,C,2,2,0,0,False,,run-first20-rate-limit-rerun-2026-04-27-3batch-b03,2026-04-27T18:55:56.043441+00:00,2026-04-27T18:55:56.043823+00:00,succeeded,skip_existing_succeeded,0,completed,,,,1,100.0,1,100.0,False,False,False,<repo-root>/experiments/skillx-skillsbench-001/results/outer-loop-round0/sonnet45-task-list-first20-v0.1/pairs/exoplanet-detection-period__retrieval-heavy-synthesis/refine_run_run-first20-rate-limit-rerun-2026-04-27-3batch-b03,run-first20x7-round0-2026-04-24;run-first20-rate-limit-rerun-2026-04-27-3batch-b03
exoplanet-detection-period__environment-control,exoplanet-detection-period,environment-control,completed,C,2,2,0,0,False,,run-first20-rate-limit-rerun-2026-04-27-3batch-b03,2026-04-27T18:55:56.044414+00:00,2026-04-27T18:55:56.045750+00:00,succeeded,skip_existing_succeeded,0,completed,,,,3,100.0,3,100.0,False,False,False,<repo-root>/experiments/skillx-skillsbench-001/results/outer-loop-round0/sonnet45-task-list-first20-v0.1/pairs/exoplanet-detection-period__environment-control/refine_run_run-first20-rate-limit-rerun-2026-04-27-3batch-b03,run-first20x7-round0-2026-04-24;run-first20-rate-limit-rerun-2026-04-27-3batch-b03
exoplanet-detection-period__methodology-guardrail,exoplanet-detection-period,methodology-guardrail,completed,C,2,2,0,0,False,,run-first20-rate-limit-rerun-2026-04-27-3batch-b03,2026-04-27T18:55:56.046336+00:00,2026-04-27T18:55:56.047705+00:00,succeeded,skip_existing_succeeded,0,completed,,,,0,0.0,0,0.0,False,False,False,<repo-root>/experiments/skillx-skillsbench-001/results/outer-loop-round0/sonnet45-task-list-first20-v0.1/pairs/exoplanet-detection-period__methodology-guardrail/refine_run_run-first20-rate-limit-rerun-2026-04-27-3batch-b03,run-first20x7-round0-2026-04-24;run-first20-rate-limit-rerun-2026-04-27-3batch-b03
exoplanet-detection-period__orchestration-delegation,exoplanet-detection-period,orchestration-delegation,completed,C,2,2,0,0,False,,run-first20-rate-limit-rerun-2026-04-27-3batch-b03,2026-04-27T18:55:56.048378+00:00,2026-04-27T18:55:56.048792+00:00,succeeded,skip_existing_succeeded,0,completed,,,,0,0.0,0,0.0,False,False,False,<repo-root>/experiments/skillx-skillsbench-001/results/outer-loop-round0/sonnet45-task-list-first20-v0.1/pairs/exoplanet-detection-period__orchestration-delegation/refine_run_run-first20-rate-limit-rerun-2026-04-27-3batch-b03,run-first20x7-round0-2026-04-24;run-first20-rate-limit-rerun-2026-04-27-3batch-b03
financial-modeling-qa__artifact-generation,financial-modeling-qa,artifact-generation,completed,C,2,2,0,0,False,,run-first20-rate-limit-rerun-2026-04-27-3batch-b03,2026-04-27T18:55:56.049399+00:00,2026-04-27T18:55:56.049737+00:00,succeeded,skip_existing_succeeded,0,completed,,,,0,0.0,0,0.0,False,False,False,<repo-root>/experiments/skillx-skillsbench-001/results/outer-loop-round0/sonnet45-task-list-first20-v0.1/pairs/financial-modeling-qa__artifact-generation/refine_run_run-first20-rate-limit-rerun-2026-04-27-3batch-b03,run-first20x7-round0-2026-04-24;run-first20-rate-limit-rerun-2026-04-27-3batch-b03
financial-modeling-qa__analytic-pipeline,financial-modeling-qa,analytic-pipeline,completed,C,2,2,0,0,False,,run-first20-rate-limit-rerun-2026-04-27-3batch-b03,2026-04-27T18:55:56.050264+00:00,2026-04-27T18:55:56.050662+00:00,succeeded,skip_existing_succeeded,0,completed,,,,0,0.0,0,0.0,False,False,False,<repo-root>/experiments/skillx-skillsbench-001/results/outer-loop-round0/sonnet45-task-list-first20-v0.1/pairs/financial-modeling-qa__analytic-pipeline/refine_run_run-first20-rate-limit-rerun-2026-04-27-3batch-b03,run-first20x7-round0-2026-04-24;run-first20-rate-limit-rerun-2026-04-27-3batch-b03
financial-modeling-qa__engineering-composition,financial-modeling-qa,engineering-composition,completed,C,2,2,0,0,False,,run-first20-rate-limit-rerun-2026-04-27-3batch-b03,2026-04-27T18:55:56.051315+00:00,2026-04-27T18:55:56.051707+00:00,succeeded,skip_existing_succeeded,0,completed,,,,0,0.0,0,0.0,False,False,False,<repo-root>/experiments/skillx-skillsbench-001/results/outer-loop-round0/sonnet45-task-list-first20-v0.1/pairs/financial-modeling-qa__engineering-composition/refine_run_run-first20-rate-limit-rerun-2026-04-27-3batch-b03,run-first20x7-round0-2026-04-24;run-first20-rate-limit-rerun-2026-04-27-3batch-b03
financial-modeling-qa__retrieval-heavy-synthesis,financial-modeling-qa,retrieval-heavy-synthesis,completed,C,2,2,0,0,False,,run-first20-rate-limit-rerun-2026-04-27-3batch-b03,2026-04-27T18:55:56.052442+00:00,2026-04-27T18:55:56.052840+00:00,succeeded,skip_existing_succeeded,0,completed,,,,0,0.0,0,0.0,False,False,False,<repo-root>/experiments/skillx-skillsbench-001/results/outer-loop-round0/sonnet45-task-list-first20-v0.1/pairs/financial-modeling-qa__retrieval-heavy-synthesis/refine_run_run-first20-rate-limit-rerun-2026-04-27-3batch-b03,run-first20x7-round0-2026-04-24;run-first20-rate-limit-rerun-2026-04-27-3batch-b03
financial-modeling-qa__environment-control,financial-modeling-qa,environment-control,completed,C,2,2,0,0,False,,run-first20-rate-limit-rerun-2026-04-27-3batch-b03,2026-04-27T18:55:56.053416+00:00,2026-04-27T18:55:56.053834+00:00,succeeded,skip_existing_succeeded,0,completed,,,,1,100.0,1,100.0,False,False,False,<repo-root>/experiments/skillx-skillsbench-001/results/outer-loop-round0/sonnet45-task-list-first20-v0.1/pairs/financial-modeling-qa__environment-control/refine_run_run-first20-rate-limit-rerun-2026-04-27-3batch-b03,run-first20x7-round0-2026-04-24;run-first20-rate-limit-rerun-2026-04-27-3batch-b03
financial-modeling-qa__methodology-guardrail,financial-modeling-qa,methodology-guardrail,completed,C,2,2,0,0,False,,run-first20-rate-limit-rerun-2026-04-27-3batch-b03,2026-04-27T18:55:56.054525+00:00,2026-04-27T18:55:56.056138+00:00,succeeded,skip_existing_succeeded,0,completed,,,,1,100.0,1,100.0,False,False,False,<repo-root>/experiments/skillx-skillsbench-001/results/outer-loop-round0/sonnet45-task-list-first20-v0.1/pairs/financial-modeling-qa__methodology-guardrail/refine_run_run-first20-rate-limit-rerun-2026-04-27-3batch-b03,run-first20x7-round0-2026-04-24;run-first20-rate-limit-rerun-2026-04-27-3batch-b03
financial-modeling-qa__orchestration-delegation,financial-modeling-qa,orchestration-delegation,completed,C,2,2,0,0,False,,run-first20-rate-limit-rerun-2026-04-27-3batch-b03,2026-04-27T18:55:56.057082+00:00,2026-04-27T18:55:56.057935+00:00,succeeded,skip_existing_succeeded,0,completed,,,,0,0.0,0,0.0,False,False,False,<repo-root>/experiments/skillx-skillsbench-001/results/outer-loop-round0/sonnet45-task-list-first20-v0.1/pairs/financial-modeling-qa__orchestration-delegation/refine_run_run-first20-rate-limit-rerun-2026-04-27-3batch-b03,run-first20x7-round0-2026-04-24;run-first20-rate-limit-rerun-2026-04-27-3batch-b03
find-topk-similiar-chemicals__artifact-generation,find-topk-similiar-chemicals,artifact-generation,completed,C,2,2,0,0,False,,run-first20-rate-limit-rerun-2026-04-27-3batch-b03,2026-04-27T18:55:56.058940+00:00,2026-04-27T18:56:05.958157+00:00,succeeded,run,0,completed,,,,0,0.0,0,0.0,False,False,False,<repo-root>/experiments/skillx-skillsbench-001/results/outer-loop-round0/sonnet45-task-list-first20-v0.1/pairs/find-topk-similiar-chemicals__artifact-generation/refine_run_run-first20-rate-limit-rerun-2026-04-27-3batch-b03,run-first20x7-round0-2026-04-24;run-first20-rate-limit-rerun-2026-04-27-3batch-b03
find-topk-similiar-chemicals__analytic-pipeline,find-topk-similiar-chemicals,analytic-pipeline,completed,C,2,2,0,0,False,,run-first20-rate-limit-rerun-2026-04-27-3batch-b03,2026-04-27T18:56:05.959693+00:00,2026-04-27T19:59:26.471499+00:00,succeeded,run,0,completed,,,,1,100.0,1,100.0,False,False,False,<repo-root>/experiments/skillx-skillsbench-001/results/outer-loop-round0/sonnet45-task-list-first20-v0.1/pairs/find-topk-similiar-chemicals__analytic-pipeline/refine_run_run-first20-rate-limit-rerun-2026-04-27-3batch-b03,run-first20x7-round0-2026-04-24;run-first20-rate-limit-rerun-2026-04-27-3batch-b03
find-topk-similiar-chemicals__engineering-composition,find-topk-similiar-chemicals,engineering-composition,completed,C,2,2,0,0,False,,run-first20-rate-limit-rerun-2026-04-27-3batch-b03,2026-04-27T19:59:26.482822+00:00,2026-04-27T21:20:14.324947+00:00,succeeded,run,0,completed,,,,2,100.0,2,100.0,False,False,False,<repo-root>/experiments/skillx-skillsbench-001/results/outer-loop-round0/sonnet45-task-list-first20-v0.1/pairs/find-topk-similiar-chemicals__engineering-composition/refine_run_run-first20-rate-limit-rerun-2026-04-27-3batch-b03,run-first20x7-round0-2026-04-24;run-first20-rate-limit-rerun-2026-04-27-3batch-b03
find-topk-similiar-chemicals__retrieval-heavy-synthesis,find-topk-similiar-chemicals,retrieval-heavy-synthesis,completed,C,2,2,0,0,False,,run-first20-rate-limit-rerun-2026-04-27-3batch-b03,2026-04-27T21:20:14.328339+00:00,2026-04-27T22:19:37.702943+00:00,succeeded,run,0,completed,,,,0,0.0,0,0.0,False,False,False,<repo-root>/experiments/skillx-skillsbench-001/results/outer-loop-round0/sonnet45-task-list-first20-v0.1/pairs/find-topk-similiar-chemicals__retrieval-heavy-synthesis/refine_run_run-first20-rate-limit-rerun-2026-04-27-3batch-b03,run-first20x7-round0-2026-04-24;run-first20-rate-limit-rerun-2026-04-27-3batch-b03
find-topk-similiar-chemicals__environment-control,find-topk-similiar-chemicals,environment-control,completed,C,2,2,0,0,False,,run-first20-rate-limit-rerun-2026-04-27-3batch-b03,2026-04-27T22:19:37.709948+00:00,2026-04-27T23:19:40.495612+00:00,succeeded,run,0,completed,,,,0,0.0,0,0.0,False,False,False,<repo-root>/experiments/skillx-skillsbench-001/results/outer-loop-round0/sonnet45-task-list-first20-v0.1/pairs/find-topk-similiar-chemicals__environment-control/refine_run_run-first20-rate-limit-rerun-2026-04-27-3batch-b03,run-first20x7-round0-2026-04-24;run-first20-rate-limit-rerun-2026-04-27-3batch-b03
find-topk-similiar-chemicals__methodology-guardrail,find-topk-similiar-chemicals,methodology-guardrail,completed,C,2,2,0,0,False,,run-first20-rate-limit-rerun-2026-04-27-3batch-b03,2026-04-27T23:19:40.500798+00:00,2026-04-28T00:18:22.696448+00:00,succeeded,run,0,completed,,,,0,0.0,0,0.0,False,False,False,<repo-root>/experiments/skillx-skillsbench-001/results/outer-loop-round0/sonnet45-task-list-first20-v0.1/pairs/find-topk-similiar-chemicals__methodology-guardrail/refine_run_run-first20-rate-limit-rerun-2026-04-27-3batch-b03,run-first20x7-round0-2026-04-24;run-first20-rate-limit-rerun-2026-04-27-3batch-b03
find-topk-similiar-chemicals__orchestration-delegation,find-topk-similiar-chemicals,orchestration-delegation,completed,C,2,2,0,0,False,,run-first20-rate-limit-rerun-2026-04-27-3batch-b03,2026-04-28T00:18:22.701676+00:00,2026-04-28T01:18:42.535992+00:00,succeeded,run,0,completed,,,,1,100.0,1,100.0,False,False,False,<repo-root>/experiments/skillx-skillsbench-001/results/outer-loop-round0/sonnet45-task-list-first20-v0.1/pairs/find-topk-similiar-chemicals__orchestration-delegation/refine_run_run-first20-rate-limit-rerun-2026-04-27-3batch-b03,run-first20x7-round0-2026-04-24;run-first20-rate-limit-rerun-2026-04-27-3batch-b03
fix-build-agentops__artifact-generation,fix-build-agentops,artifact-generation,completed,C,1,1,0,0,False,,run-first20x7-round0-2026-04-24,2026-04-25T19:48:57.582012+00:00,2026-04-25T20:25:30.189382+00:00,succeeded,run,0,completed,,,,0,0.0,0,0.0,False,False,False,<repo-root>/experiments/skillx-skillsbench-001/results/outer-loop-round0/sonnet45-task-list-first20-v0.1/pairs/fix-build-agentops__artifact-generation/refine_run_run-first20x7-round0-2026-04-24,run-first20x7-round0-2026-04-24
fix-build-agentops__analytic-pipeline,fix-build-agentops,analytic-pipeline,completed,C,1,1,0,0,False,,run-first20x7-round0-2026-04-24,2026-04-25T19:57:54.159311+00:00,2026-04-25T20:28:27.897208+00:00,succeeded,run,0,completed,,,,0,0.0,0,0.0,False,False,False,<repo-root>/experiments/skillx-skillsbench-001/results/outer-loop-round0/sonnet45-task-list-first20-v0.1/pairs/fix-build-agentops__analytic-pipeline/refine_run_run-first20x7-round0-2026-04-24,run-first20x7-round0-2026-04-24
fix-build-agentops__engineering-composition,fix-build-agentops,engineering-composition,completed,C,1,1,0,0,False,,run-first20x7-round0-2026-04-24,2026-04-25T20:04:37.471913+00:00,2026-04-25T20:38:39.566067+00:00,succeeded,run,0,completed,,,,0,0.0,0,0.0,False,False,False,<repo-root>/experiments/skillx-skillsbench-001/results/outer-loop-round0/sonnet45-task-list-first20-v0.1/pairs/fix-build-agentops__engineering-composition/refine_run_run-first20x7-round0-2026-04-24,run-first20x7-round0-2026-04-24
fix-build-agentops__retrieval-heavy-synthesis,fix-build-agentops,retrieval-heavy-synthesis,completed,C,1,1,0,0,False,,run-first20x7-round0-2026-04-24,2026-04-25T20:25:30.191541+00:00,2026-04-25T20:56:50.692326+00:00,succeeded,run,0,completed,,,,0,0.0,0,0.0,False,False,False,<repo-root>/experiments/skillx-skillsbench-001/results/outer-loop-round0/sonnet45-task-list-first20-v0.1/pairs/fix-build-agentops__retrieval-heavy-synthesis/refine_run_run-first20x7-round0-2026-04-24,run-first20x7-round0-2026-04-24
fix-build-agentops__environment-control,fix-build-agentops,environment-control,completed,C,1,1,0,0,False,,run-first20x7-round0-2026-04-24,2026-04-25T20:28:27.905676+00:00,2026-04-25T20:59:44.923861+00:00,succeeded,run,0,completed,,,,0,0.0,0,0.0,False,False,False,<repo-root>/experiments/skillx-skillsbench-001/results/outer-loop-round0/sonnet45-task-list-first20-v0.1/pairs/fix-build-agentops__environment-control/refine_run_run-first20x7-round0-2026-04-24,run-first20x7-round0-2026-04-24
fix-build-agentops__methodology-guardrail,fix-build-agentops,methodology-guardrail,completed,C,1,1,0,0,False,,run-first20x7-round0-2026-04-24,2026-04-25T20:38:39.568113+00:00,2026-04-25T21:09:33.833665+00:00,succeeded,run,0,completed,,,,0,0.0,0,0.0,False,False,False,<repo-root>/experiments/skillx-skillsbench-001/results/outer-loop-round0/sonnet45-task-list-first20-v0.1/pairs/fix-build-agentops__methodology-guardrail/refine_run_run-first20x7-round0-2026-04-24,run-first20x7-round0-2026-04-24
fix-build-agentops__orchestration-delegation,fix-build-agentops,orchestration-delegation,completed,C,1,1,0,0,False,,run-first20x7-round0-2026-04-24,2026-04-25T20:56:50.697417+00:00,2026-04-25T21:27:43.055487+00:00,succeeded,run,0,completed,,,,0,0.0,0,0.0,False,False,False,<repo-root>/experiments/skillx-skillsbench-001/results/outer-loop-round0/sonnet45-task-list-first20-v0.1/pairs/fix-build-agentops__orchestration-delegation/refine_run_run-first20x7-round0-2026-04-24,run-first20x7-round0-2026-04-24
fix-build-google-auto__artifact-generation,fix-build-google-auto,artifact-generation,completed,C,1,1,0,0,False,,run-first20x7-round0-2026-04-24,2026-04-25T20:59:44.925401+00:00,2026-04-25T21:54:39.327132+00:00,succeeded,run,0,completed,,,,0,0.0,0,0.0,False,False,False,<repo-root>/experiments/skillx-skillsbench-001/results/outer-loop-round0/sonnet45-task-list-first20-v0.1/pairs/fix-build-google-auto__artifact-generation/refine_run_run-first20x7-round0-2026-04-24,run-first20x7-round0-2026-04-24
fix-build-google-auto__analytic-pipeline,fix-build-google-auto,analytic-pipeline,completed,C,1,1,0,0,False,,run-first20x7-round0-2026-04-24,2026-04-25T21:09:33.842182+00:00,2026-04-25T21:55:50.366202+00:00,succeeded,run,0,completed,,,,0,0.0,0,0.0,False,False,False,<repo-root>/experiments/skillx-skillsbench-001/results/outer-loop-round0/sonnet45-task-list-first20-v0.1/pairs/fix-build-google-auto__analytic-pipeline/refine_run_run-first20x7-round0-2026-04-24,run-first20x7-round0-2026-04-24
fix-build-google-auto__engineering-composition,fix-build-google-auto,engineering-composition,completed,C,2,2,0,0,False,,run-first20-rate-limit-rerun-2026-04-27-3batch-b03,2026-04-28T17:50:27.693992+00:00,2026-04-28T20:05:17.569353+00:00,succeeded,run,0,completed,,,,0,0.0,0,0.0,False,False,False,<repo-root>/experiments/skillx-skillsbench-001/results/outer-loop-round0/sonnet45-task-list-first20-v0.1/pairs/fix-build-google-auto__engineering-composition/refine_run_run-first20-rate-limit-rerun-2026-04-27-3batch-b03,run-first20x7-round0-2026-04-24;run-first20-rate-limit-rerun-2026-04-27-3batch-b03
fix-build-google-auto__retrieval-heavy-synthesis,fix-build-google-auto,retrieval-heavy-synthesis,completed,C,2,2,0,0,False,,run-first20-rate-limit-rerun-2026-04-27-3batch-b03,2026-04-28T20:05:17.572521+00:00,2026-04-28T21:35:04.278516+00:00,succeeded,run,0,completed,,,,0,0.0,0,0.0,False,False,False,<repo-root>/experiments/skillx-skillsbench-001/results/outer-loop-round0/sonnet45-task-list-first20-v0.1/pairs/fix-build-google-auto__retrieval-heavy-synthesis/refine_run_run-first20-rate-limit-rerun-2026-04-27-3batch-b03,run-first20x7-round0-2026-04-24;run-first20-rate-limit-rerun-2026-04-27-3batch-b03
fix-build-google-auto__environment-control,fix-build-google-auto,environment-control,completed,C,2,2,0,0,False,,run-first20-rate-limit-rerun-2026-04-27-3batch-b03,2026-04-28T21:35:04.286139+00:00,2026-04-29T00:58:53.367393+00:00,succeeded,run,0,completed_with_runtime_failures,continue,TuneExceptionStats,EnvironmentStartTimeoutError=['c4-fix-build-google-auto-round-0__L8yARcy'],0,0.0,0,0.0,False,True,True,<repo-root>/experiments/skillx-skillsbench-001/results/outer-loop-round0/sonnet45-task-list-first20-v0.1/pairs/fix-build-google-auto__environment-control/refine_run_run-first20-rate-limit-rerun-2026-04-27-3batch-b03,run-first20x7-round0-2026-04-24;run-first20-rate-limit-rerun-2026-04-27-3batch-b03
fix-build-google-auto__methodology-guardrail,fix-build-google-auto,methodology-guardrail,completed,C,2,2,0,0,False,,run-first20-rate-limit-rerun-2026-04-27-3batch-b03,2026-04-29T00:58:53.372304+00:00,2026-04-29T02:46:14.665209+00:00,succeeded,run,0,completed,,,,0,0.0,0,0.0,False,False,False,<repo-root>/experiments/skillx-skillsbench-001/results/outer-loop-round0/sonnet45-task-list-first20-v0.1/pairs/fix-build-google-auto__methodology-guardrail/refine_run_run-first20-rate-limit-rerun-2026-04-27-3batch-b03,run-first20x7-round0-2026-04-24;run-first20-rate-limit-rerun-2026-04-27-3batch-b03
fix-build-google-auto__orchestration-delegation,fix-build-google-auto,orchestration-delegation,completed,C,2,2,0,0,False,,run-first20-rate-limit-rerun-2026-04-27-3batch-b03,2026-04-29T02:46:14.668319+00:00,2026-04-29T04:13:19.052462+00:00,succeeded,run,0,completed,,,,0,0.0,0,0.0,False,False,False,<repo-root>/experiments/skillx-skillsbench-001/results/outer-loop-round0/sonnet45-task-list-first20-v0.1/pairs/fix-build-google-auto__orchestration-delegation/refine_run_run-first20-rate-limit-rerun-2026-04-27-3batch-b03,run-first20x7-round0-2026-04-24;run-first20-rate-limit-rerun-2026-04-27-3batch-b03
fix-druid-loophole-cve__artifact-generation,fix-druid-loophole-cve,artifact-generation,completed,C,2,2,0,0,False,,run-first20-rate-limit-rerun-2026-04-27-3batch-b03,2026-04-28T01:18:42.544274+00:00,2026-04-28T02:53:56.319526+00:00,succeeded,run,0,completed,,,,0,0.0,0,0.0,False,False,False,<repo-root>/experiments/skillx-skillsbench-001/results/outer-loop-round0/sonnet45-task-list-first20-v0.1/pairs/fix-druid-loophole-cve__artifact-generation/refine_run_run-first20-rate-limit-rerun-2026-04-27-3batch-b03,run-first20x7-round0-2026-04-24;run-first20-rate-limit-rerun-2026-04-27-3batch-b03
fix-druid-loophole-cve__analytic-pipeline,fix-druid-loophole-cve,analytic-pipeline,completed,C,2,2,0,0,False,,run-first20-rate-limit-rerun-2026-04-27-3batch-b03,2026-04-28T02:53:56.322419+00:00,2026-04-28T04:29:15.909195+00:00,succeeded,run,0,completed,,,,0,0.0,0,0.0,False,False,False,<repo-root>/experiments/skillx-skillsbench-001/results/outer-loop-round0/sonnet45-task-list-first20-v0.1/pairs/fix-druid-loophole-cve__analytic-pipeline/refine_run_run-first20-rate-limit-rerun-2026-04-27-3batch-b03,run-first20x7-round0-2026-04-24;run-first20-rate-limit-rerun-2026-04-27-3batch-b03
fix-druid-loophole-cve__engineering-composition,fix-druid-loophole-cve,engineering-composition,completed,C,2,2,0,0,False,,run-first20-rate-limit-rerun-2026-04-27-3batch-b03,2026-04-28T04:29:15.914173+00:00,2026-04-28T05:58:07.798788+00:00,succeeded,run,0,completed,,,,0,0.0,0,0.0,False,False,False,<repo-root>/experiments/skillx-skillsbench-001/results/outer-loop-round0/sonnet45-task-list-first20-v0.1/pairs/fix-druid-loophole-cve__engineering-composition/refine_run_run-first20-rate-limit-rerun-2026-04-27-3batch-b03,run-first20x7-round0-2026-04-24;run-first20-rate-limit-rerun-2026-04-27-3batch-b03
fix-druid-loophole-cve__retrieval-heavy-synthesis,fix-druid-loophole-cve,retrieval-heavy-synthesis,completed,C,2,2,0,0,False,,run-first20-rate-limit-rerun-2026-04-27-3batch-b03,2026-04-28T05:58:07.806390+00:00,2026-04-28T07:30:29.181347+00:00,succeeded,run,0,completed,,,,0,0.0,0,0.0,False,False,False,<repo-root>/experiments/skillx-skillsbench-001/results/outer-loop-round0/sonnet45-task-list-first20-v0.1/pairs/fix-druid-loophole-cve__retrieval-heavy-synthesis/refine_run_run-first20-rate-limit-rerun-2026-04-27-3batch-b03,run-first20x7-round0-2026-04-24;run-first20-rate-limit-rerun-2026-04-27-3batch-b03
fix-druid-loophole-cve__environment-control,fix-druid-loophole-cve,environment-control,completed,C,2,2,0,0,False,,run-first20-rate-limit-rerun-2026-04-27-3batch-b03,2026-04-28T07:30:29.188078+00:00,2026-04-28T08:58:39.401690+00:00,succeeded,run,0,completed,,,,0,0.0,0,0.0,False,False,False,<repo-root>/experiments/skillx-skillsbench-001/results/outer-loop-round0/sonnet45-task-list-first20-v0.1/pairs/fix-druid-loophole-cve__environment-control/refine_run_run-first20-rate-limit-rerun-2026-04-27-3batch-b03,run-first20x7-round0-2026-04-24;run-first20-rate-limit-rerun-2026-04-27-3batch-b03
fix-druid-loophole-cve__methodology-guardrail,fix-druid-loophole-cve,methodology-guardrail,completed,C,2,2,0,0,False,,run-first20-rate-limit-rerun-2026-04-27-3batch-b03,2026-04-28T08:58:39.406213+00:00,2026-04-28T12:25:24.477060+00:00,succeeded,run,0,completed,,,,0,0.0,0,0.0,False,False,False,<repo-root>/experiments/skillx-skillsbench-001/results/outer-loop-round0/sonnet45-task-list-first20-v0.1/pairs/fix-druid-loophole-cve__methodology-guardrail/refine_run_run-first20-rate-limit-rerun-2026-04-27-3batch-b03,run-first20x7-round0-2026-04-24;run-first20-rate-limit-rerun-2026-04-27-3batch-b03
fix-druid-loophole-cve__orchestration-delegation,fix-druid-loophole-cve,orchestration-delegation,completed,C,2,2,0,0,False,,run-first20-rate-limit-rerun-2026-04-27-3batch-b03,2026-04-28T12:25:24.484998+00:00,2026-04-28T13:51:55.334877+00:00,succeeded,run,0,completed,,,,0,0.0,0,0.0,False,False,False,<repo-root>/experiments/skillx-skillsbench-001/results/outer-loop-round0/sonnet45-task-list-first20-v0.1/pairs/fix-druid-loophole-cve__orchestration-delegation/refine_run_run-first20-rate-limit-rerun-2026-04-27-3batch-b03,run-first20x7-round0-2026-04-24;run-first20-rate-limit-rerun-2026-04-27-3batch-b03
